-- --------------------------------------------------------
-- Host:                         127.0.0.1
-- Server version:               8.4.7 - MySQL Community Server - GPL
-- Server OS:                    Win64
-- HeidiSQL Version:             12.10.0.7000
-- --------------------------------------------------------

/*!40101 SET @OLD_CHARACTER_SET_CLIENT=@@CHARACTER_SET_CLIENT */;
/*!40101 SET NAMES utf8 */;
/*!50503 SET NAMES utf8mb4 */;
/*!40103 SET @OLD_TIME_ZONE=@@TIME_ZONE */;
/*!40103 SET TIME_ZONE='+00:00' */;
/*!40014 SET @OLD_FOREIGN_KEY_CHECKS=@@FOREIGN_KEY_CHECKS, FOREIGN_KEY_CHECKS=0 */;
/*!40101 SET @OLD_SQL_MODE=@@SQL_MODE, SQL_MODE='NO_AUTO_VALUE_ON_ZERO' */;
/*!40111 SET @OLD_SQL_NOTES=@@SQL_NOTES, SQL_NOTES=0 */;


-- Dumping database structure for distributor
DROP DATABASE IF EXISTS `distributor`;
CREATE DATABASE IF NOT EXISTS `distributor` /*!40100 DEFAULT CHARACTER SET utf8mb4 COLLATE utf8mb4_0900_ai_ci */ /*!80016 DEFAULT ENCRYPTION='N' */;
USE `distributor`;

-- Dumping structure for table distributor.artikel
DROP TABLE IF EXISTS `artikel`;
CREATE TABLE IF NOT EXISTS `artikel` (
  `id` int NOT NULL AUTO_INCREMENT,
  `nama` varchar(50) CHARACTER SET utf8mb4 COLLATE utf8mb4_0900_ai_ci NOT NULL,
  `created_at` datetime DEFAULT CURRENT_TIMESTAMP,
  `updated_at` datetime NOT NULL DEFAULT CURRENT_TIMESTAMP ON UPDATE CURRENT_TIMESTAMP,
  PRIMARY KEY (`id`) USING BTREE,
  UNIQUE KEY `nama` (`nama`)
) ENGINE=InnoDB AUTO_INCREMENT=184 DEFAULT CHARSET=utf8mb4 COLLATE=utf8mb4_0900_ai_ci;

-- Dumping data for table distributor.artikel: ~183 rows (approximately)
INSERT INTO `artikel` (`id`, `nama`, `created_at`, `updated_at`) VALUES
	(1, 'BLAZE', '2025-10-19 15:04:42', '2025-10-19 15:04:42'),
	(2, 'LORD URANUS', '2025-10-19 15:04:42', '2025-10-19 15:04:42'),
	(3, 'KNIGHT', '2025-10-19 15:04:42', '2025-10-19 15:04:42'),
	(4, 'COSMIC', '2025-10-19 15:04:42', '2025-10-19 15:04:42'),
	(5, 'ALPEN', '2025-10-19 15:04:42', '2025-10-19 15:04:42'),
	(6, 'EVEREST', '2025-10-19 15:04:42', '2025-10-19 15:04:42'),
	(7, 'SINRA', '2025-10-19 15:04:42', '2025-10-19 15:04:42'),
	(8, 'FRIEZA', '2025-10-19 15:04:42', '2025-10-19 15:04:42'),
	(9, 'LEMBATA', '2025-10-19 15:04:42', '2025-10-19 15:04:42'),
	(10, 'ALOR', '2025-10-19 15:04:42', '2025-10-19 15:04:42'),
	(11, 'MAROS', '2025-10-19 15:04:42', '2025-10-19 15:04:42'),
	(12, 'MAKALE', '2025-10-19 15:04:42', '2025-10-19 15:04:42'),
	(13, 'KALEANA', '2025-10-19 15:04:42', '2025-10-19 15:04:42'),
	(14, 'TIKALLA', '2025-10-19 15:04:42', '2025-10-19 15:04:42'),
	(15, 'WALENRANG', '2025-10-19 15:04:42', '2025-10-19 15:04:42'),
	(16, 'BULLGAZER', '2025-10-19 15:04:42', '2025-10-19 15:04:42'),
	(17, 'AXBITTER', '2025-10-19 15:04:42', '2025-10-19 15:04:42'),
	(18, 'BACKRAIN', '2025-10-19 15:04:42', '2025-10-19 15:04:42'),
	(19, 'EVOCREST', '2025-10-19 15:04:42', '2025-10-19 15:04:42'),
	(20, 'MICHELIA CHAMPAKA', '2025-10-19 15:04:42', '2025-10-19 15:04:42'),
	(21, 'MICHELIA ALBA', '2025-10-19 15:04:42', '2025-10-19 15:04:42'),
	(22, 'BELATRIX JR', '2025-10-19 15:04:42', '2025-10-19 15:04:42'),
	(23, 'CERSEI JR', '2025-10-19 15:04:42', '2025-10-19 15:04:42'),
	(24, 'THEON JR', '2025-10-19 15:04:42', '2025-10-19 15:04:42'),
	(25, 'GLIMMER JR', '2025-10-19 15:04:42', '2025-10-19 15:04:42'),
	(26, 'MICHELIA TSIAMPACCA', '2025-10-19 15:04:42', '2025-10-19 15:04:42'),
	(27, 'ALDON', '2025-10-19 15:04:42', '2025-10-19 15:04:42'),
	(28, 'LAGOON', '2025-10-19 15:04:42', '2025-10-19 15:04:42'),
	(29, 'OASIS', '2025-10-19 15:04:42', '2025-10-19 15:04:42'),
	(30, 'JAMESON JR', '2025-10-19 15:04:42', '2025-10-19 15:04:42'),
	(31, 'FLAMENGO JR', '2025-10-19 15:04:42', '2025-10-19 15:04:42'),
	(32, 'MIRABELL', '2025-10-19 15:04:42', '2025-10-19 15:04:42'),
	(33, 'BAKEWELL', '2025-10-19 15:04:42', '2025-10-19 15:04:42'),
	(34, 'JESSIE', '2025-10-19 15:04:42', '2025-10-19 15:04:42'),
	(35, 'BUXTON', '2025-10-19 15:04:42', '2025-10-19 15:04:42'),
	(36, 'ARABELLA', '2025-10-19 15:04:42', '2025-10-19 15:04:42'),
	(37, 'XEVANA', '2025-10-19 15:04:42', '2025-10-19 15:04:42'),
	(38, 'HAMLEYS', '2025-10-19 15:04:42', '2025-10-19 15:04:42'),
	(39, 'MORGAN JR', '2025-10-19 15:04:42', '2025-10-19 15:04:42'),
	(40, 'ROSY JR', '2025-10-19 15:04:42', '2025-10-19 15:04:42'),
	(41, 'KYLE JR', '2025-10-19 15:04:42', '2025-10-19 15:04:42'),
	(42, 'GILBERT JR', '2025-10-19 15:04:42', '2025-10-19 15:04:42'),
	(43, 'ANNE COLLIN BELL', '2025-10-19 15:04:42', '2025-10-19 15:04:42'),
	(44, 'ANNE CAMILA CASPER', '2025-10-19 15:04:42', '2025-10-19 15:04:42'),
	(45, 'DENIS KAEGAN JR', '2025-10-19 15:04:42', '2025-10-19 15:04:42'),
	(46, 'ANDERS ANTONSEN ', '2025-10-19 15:04:42', '2025-10-19 15:04:42'),
	(47, 'MIGUEL STANLEY', '2025-10-19 15:04:42', '2025-10-19 15:04:42'),
	(48, 'FRANK DEVLIN', '2025-10-19 15:04:42', '2025-10-19 15:04:42'),
	(49, 'RICHARD DEVLIN', '2025-10-19 15:04:42', '2025-10-19 15:04:42'),
	(50, 'GLENN COLLINS', '2025-10-19 15:04:42', '2025-10-19 15:04:42'),
	(51, 'ANDY COLBERT', '2025-10-19 15:04:42', '2025-10-19 15:04:42'),
	(52, 'ANDRE TAYLOR', '2025-10-19 15:04:42', '2025-10-19 15:04:42'),
	(53, 'ANDREA BACKER', '2025-10-19 15:04:42', '2025-10-19 15:04:42'),
	(54, 'PAUL WILSON', '2025-10-19 15:04:42', '2025-10-19 15:04:42'),
	(55, 'TOM AXEL', '2025-10-19 15:04:42', '2025-10-19 15:04:42'),
	(56, 'JOHN EDGAN', '2025-10-19 15:04:42', '2025-10-19 15:04:42'),
	(57, 'STANLEY WALKER', '2025-10-19 15:04:42', '2025-10-19 15:04:42'),
	(58, 'CORINA SOME OSBORNE JR', '2025-10-19 15:04:42', '2025-10-19 15:04:42'),
	(59, 'CORINA HUGHES JR', '2025-10-19 15:04:42', '2025-10-19 15:04:42'),
	(60, 'FRANK DEVLIN JR', '2025-10-19 15:04:42', '2025-10-19 15:04:42'),
	(61, 'AAROON WALKER', '2025-10-19 15:04:42', '2025-10-19 15:04:42'),
	(62, 'MORICORINA RUSAFA', '2025-10-19 15:04:42', '2025-10-19 15:04:42'),
	(63, 'CARLOS WALKER', '2025-10-19 15:04:42', '2025-10-19 15:04:42'),
	(64, 'MORICORINA HARRYS', '2025-10-19 15:04:42', '2025-10-19 15:04:42'),
	(65, 'WILL SMITH', '2025-10-19 15:04:42', '2025-10-19 15:04:42'),
	(66, 'ADAM JORDAN', '2025-10-19 15:04:42', '2025-10-19 15:04:42'),
	(67, 'RICARDO WALKER', '2025-10-19 15:04:42', '2025-10-19 15:04:42'),
	(68, 'KEVIN DYLAN JR', '2025-10-19 15:04:42', '2025-10-19 15:04:42'),
	(69, 'KEVIN FOXX JR', '2025-10-19 15:04:42', '2025-10-19 15:04:42'),
	(70, 'CALVIN LUTHER JR', '2025-10-19 15:04:42', '2025-10-19 15:04:42'),
	(71, 'KEVIN COSTNER JR', '2025-10-19 15:04:42', '2025-10-19 15:04:42'),
	(72, 'STEPHANIE CRUZ', '2025-10-19 15:04:42', '2025-10-19 15:04:42'),
	(73, 'KEVIN STEAWARD', '2025-10-19 15:04:42', '2025-10-19 15:04:42'),
	(74, 'BRITHNEY JESSE', '2025-10-19 15:04:42', '2025-10-19 15:04:42'),
	(75, 'PETER THOMAS JR', '2025-10-19 15:04:42', '2025-10-19 15:04:42'),
	(76, 'PETER AXELSEN JR', '2025-10-19 15:04:42', '2025-10-19 15:04:42'),
	(77, 'ROBBIE MARSHALL', '2025-10-19 15:04:42', '2025-10-19 15:04:42'),
	(78, 'PETER FRANK CRL JR', '2025-10-19 15:04:42', '2025-10-19 15:04:42'),
	(79, 'ROMANCE ORIGI', '2025-10-19 15:04:42', '2025-10-19 15:04:42'),
	(80, 'JACK THOMPSON JR', '2025-10-19 15:04:42', '2025-10-19 15:04:42'),
	(81, 'PETER FRANKLIN JR', '2025-10-19 15:04:42', '2025-10-19 15:04:42'),
	(82, 'KEVIN DE NIRO JR', '2025-10-19 15:04:42', '2025-10-19 15:04:42'),
	(83, 'PETER AXELSEN KIDS', '2025-10-19 15:04:42', '2025-10-19 15:04:42'),
	(84, 'JACK THOMPSON KIDS', '2025-10-19 15:04:42', '2025-10-19 15:04:42'),
	(85, 'MINORI ORIGI', '2025-10-19 15:04:42', '2025-10-19 15:04:42'),
	(86, 'KEVIN MARC CALLUM', '2025-10-19 15:04:42', '2025-10-19 15:04:42'),
	(87, 'KIYOMI KIDS', '2025-10-19 15:04:42', '2025-10-19 15:04:42'),
	(88, 'JAMES RIBERY KIDS', '2025-10-19 15:04:42', '2025-10-19 15:04:42'),
	(89, 'PETER F. CAROL KIDS', '2025-10-19 15:04:42', '2025-10-19 15:04:42'),
	(90, 'TOMY WAGNER', '2025-10-19 15:04:42', '2025-10-19 15:04:42'),
	(91, 'RAPHAEL WAGNER', '2025-10-19 15:04:42', '2025-10-19 15:04:42'),
	(92, 'MICHEL NICK WAGNER', '2025-10-19 15:04:42', '2025-10-19 15:04:42'),
	(93, 'ESTEE CALIO', '2025-10-19 15:04:42', '2025-10-19 15:04:42'),
	(94, 'PUERTO RICO', '2025-10-19 15:04:42', '2025-10-19 15:04:42'),
	(95, 'PHILADELPHIA', '2025-10-19 15:04:42', '2025-10-19 15:04:42'),
	(96, 'PHOENIX', '2025-10-19 15:04:42', '2025-10-19 15:04:42'),
	(97, 'BARCLAY', '2025-10-19 15:04:42', '2025-10-19 15:04:42'),
	(98, 'PHANTERA', '2025-10-19 15:04:42', '2025-10-19 15:04:42'),
	(99, 'ARIZONA', '2025-10-19 15:04:42', '2025-10-19 15:04:42'),
	(100, 'OXFORD JR', '2025-10-19 15:04:42', '2025-10-19 15:04:42'),
	(101, 'MC. IRON', '2025-10-19 15:04:42', '2025-10-19 15:04:42'),
	(102, 'SHANNON JR', '2025-10-19 15:04:42', '2025-10-19 15:04:42'),
	(103, 'ORIGIN', '2025-10-19 15:04:42', '2025-10-19 15:04:42'),
	(104, 'BIRMINGHAM', '2025-10-19 15:04:42', '2025-10-19 15:04:42'),
	(105, 'RUN FAST', '2025-10-19 15:04:42', '2025-10-19 15:04:42'),
	(106, 'FRANKFURT', '2025-10-19 15:04:42', '2025-10-19 15:04:42'),
	(107, 'NICE', '2025-10-19 15:04:42', '2025-10-19 15:04:42'),
	(108, 'O\'NEAL', '2025-10-19 15:04:42', '2025-10-19 15:04:42'),
	(109, 'JASON JR', '2025-10-19 15:04:42', '2025-10-19 15:04:42'),
	(110, 'MARSEILLE', '2025-10-19 15:04:42', '2025-10-19 15:04:42'),
	(111, 'CHLOE JR', '2025-10-19 15:04:42', '2025-10-19 15:04:42'),
	(112, 'MADELINE JR', '2025-10-19 15:04:42', '2025-10-19 15:04:42'),
	(113, 'FLORENCE', '2025-10-19 15:04:42', '2025-10-19 15:04:42'),
	(114, 'YOHAN BLAKE', '2025-10-19 15:04:42', '2025-10-19 15:04:42'),
	(115, 'CLARICE JR', '2025-10-19 15:04:42', '2025-10-19 15:04:42'),
	(116, 'GLASGLOW', '2025-10-19 15:04:42', '2025-10-19 15:04:42'),
	(117, 'VENESIA', '2025-10-19 15:04:42', '2025-10-19 15:04:42'),
	(118, 'ROCHESTER', '2025-10-19 15:04:42', '2025-10-19 15:04:42'),
	(119, 'KOPENHAGEN', '2025-10-19 15:04:42', '2025-10-19 15:04:42'),
	(120, 'SONICX', '2025-10-19 15:04:42', '2025-10-19 15:04:42'),
	(121, 'MAGNUM', '2025-10-19 15:04:42', '2025-10-19 15:04:42'),
	(122, 'HORIZON', '2025-10-19 15:04:42', '2025-10-19 15:04:42'),
	(123, 'VELOCITY', '2025-10-19 15:04:42', '2025-10-19 15:04:42'),
	(124, 'PEONNY', '2025-10-19 15:04:42', '2025-10-19 15:04:42'),
	(125, 'JACOB', '2025-10-19 15:04:42', '2025-10-19 15:04:42'),
	(126, 'BLADE', '2025-10-19 15:04:42', '2025-10-19 15:04:42'),
	(127, 'ETHAN KIDS', '2025-10-19 15:04:42', '2025-10-19 15:04:42'),
	(128, 'NATHAN KIDS', '2025-10-19 15:04:42', '2025-10-19 15:04:42'),
	(129, 'FELIX KIDS', '2025-10-19 15:04:42', '2025-10-19 15:04:42'),
	(130, 'CELINE KIDS', '2025-10-19 15:04:42', '2025-10-19 15:04:42'),
	(131, 'VELBERT', '2025-10-19 15:04:42', '2025-10-19 15:04:42'),
	(132, 'HOWARD', '2025-10-19 15:04:42', '2025-10-19 15:04:42'),
	(133, 'JOANNA', '2025-10-19 15:04:42', '2025-10-19 15:04:42'),
	(134, 'HOUSTON', '2025-10-19 15:04:42', '2025-10-19 15:04:42'),
	(135, 'EDWARD KIDS', '2025-10-19 15:04:42', '2025-10-19 15:04:42'),
	(136, 'SOPHIE', '2025-10-19 15:04:42', '2025-10-19 15:04:42'),
	(137, 'ORION', '2025-10-19 15:04:42', '2025-10-19 15:04:42'),
	(138, 'EASTON ', '2025-10-19 15:04:42', '2025-10-19 15:04:42'),
	(139, 'ARIEL KIDS', '2025-10-19 15:04:42', '2025-10-19 15:04:42'),
	(140, 'AURORA KIDS', '2025-10-19 15:04:42', '2025-10-19 15:04:42'),
	(141, 'MOANNA KIDS', '2025-10-19 15:04:42', '2025-10-19 15:04:42'),
	(142, 'KONAN', '2025-10-19 15:04:42', '2025-10-19 15:04:42'),
	(143, 'YUKI', '2025-10-19 15:04:42', '2025-10-19 15:04:42'),
	(144, 'JAYDEN', '2025-10-19 15:04:42', '2025-10-19 15:04:42'),
	(145, 'FUJI', '2025-10-19 15:04:42', '2025-10-19 15:04:42'),
	(146, 'KYOTO', '2025-10-19 15:04:42', '2025-10-19 15:04:42'),
	(147, 'GEYA', '2025-10-19 15:04:42', '2025-10-19 15:04:42'),
	(148, 'ASTRO', '2025-10-19 15:04:42', '2025-10-19 15:04:42'),
	(149, 'MONTREAL', '2025-10-19 15:04:42', '2025-10-19 15:04:42'),
	(150, 'GALLANT', '2025-10-19 15:04:42', '2025-10-19 15:04:42'),
	(151, 'GRESYA', '2025-10-19 15:04:42', '2025-10-19 15:04:42'),
	(152, 'VIENNA', '2025-10-19 15:04:42', '2025-10-19 15:04:42'),
	(153, 'FORTE', '2025-10-19 15:04:42', '2025-10-19 15:04:42'),
	(154, 'ZENITH', '2025-10-19 15:04:42', '2025-10-19 15:04:42'),
	(155, 'ALICE', '2025-10-19 15:04:42', '2025-10-19 15:04:42'),
	(156, 'FENIX', '2025-10-19 15:04:42', '2025-10-19 15:04:42'),
	(157, 'BLITZ', '2025-10-19 15:04:42', '2025-10-19 15:04:42'),
	(158, 'MADAGASKAR', '2025-10-20 16:40:39', '2025-10-20 16:40:39'),
	(159, 'HAWAII', '2025-10-20 16:40:39', '2025-10-20 16:40:39'),
	(160, 'CARIBIA', '2025-10-20 16:40:39', '2025-10-20 16:40:39'),
	(161, 'SOMERSET', '2025-10-20 16:40:39', '2025-10-20 16:40:39'),
	(162, 'LIBERTY', '2025-10-20 16:40:39', '2025-10-20 16:40:39'),
	(163, 'SOMERSET JR.', '2025-10-20 16:40:39', '2025-10-20 16:40:39'),
	(164, 'HUGO CLARISS', '2025-10-20 16:40:39', '2025-10-20 16:40:39'),
	(165, 'VICTORIA', '2025-10-20 16:40:39', '2025-10-20 16:40:39'),
	(166, 'AXEL HEIBERG', '2025-10-20 16:40:39', '2025-10-20 16:40:39'),
	(167, 'NEW FOUNDLAND', '2025-10-20 16:40:39', '2025-10-20 16:40:39'),
	(168, 'JAMAIKA', '2025-10-20 16:40:39', '2025-10-20 16:40:39'),
	(169, 'BORNEO', '2025-10-20 16:40:39', '2025-10-20 16:40:39'),
	(170, 'MICHELE CLAIR', '2025-10-20 16:40:39', '2025-10-20 16:40:39'),
	(171, 'SANTIAGO', '2025-10-20 16:40:39', '2025-10-20 16:40:39'),
	(172, 'LAPALMA', '2025-10-20 16:40:39', '2025-10-20 16:40:39'),
	(173, 'MISSISIPI', '2025-10-20 16:40:39', '2025-10-20 16:40:39'),
	(174, 'ALDO CLARISS MAN', '2025-10-20 16:40:39', '2025-10-20 16:40:39'),
	(175, 'ALDO CLARISS WOMEN', '2025-10-20 16:40:39', '2025-10-20 16:40:39'),
	(176, 'THEMES', '2025-10-20 16:40:39', '2025-10-20 16:40:39'),
	(177, 'BOSTON', '2025-10-20 16:40:39', '2025-10-20 16:40:39'),
	(178, 'OSAKA', '2025-10-20 16:40:39', '2025-10-20 16:40:39'),
	(179, 'TOKYO', '2025-10-20 16:40:39', '2025-10-20 16:40:39'),
	(180, 'BROOKLYN', '2025-10-20 16:40:39', '2025-10-20 16:40:39'),
	(181, 'Zeus', '2025-10-22 18:48:57', '2025-10-22 18:48:57'),
	(182, 'medusa', '2025-10-22 18:51:52', '2025-10-24 19:41:02'),
	(183, 'persib', '2025-10-24 19:10:55', '2025-10-24 19:41:10');

-- Dumping structure for table distributor.barang
DROP TABLE IF EXISTS `barang`;
CREATE TABLE IF NOT EXISTS `barang` (
  `id` int NOT NULL AUTO_INCREMENT,
  `kode` varchar(10) CHARACTER SET utf8mb4 COLLATE utf8mb4_0900_ai_ci NOT NULL,
  `merk_id` int NOT NULL,
  `artikel_id` int NOT NULL,
  `warna_id` int NOT NULL,
  `kategori_barang_id` int NOT NULL,
  `jenis_barang_id` int NOT NULL,
  `ukuran_id` int DEFAULT NULL,
  `created_at` datetime DEFAULT CURRENT_TIMESTAMP,
  `updated_at` datetime NOT NULL DEFAULT CURRENT_TIMESTAMP ON UPDATE CURRENT_TIMESTAMP,
  `deleted_at` datetime DEFAULT NULL,
  PRIMARY KEY (`id`) USING BTREE,
  UNIQUE KEY `kode` (`kode`) USING BTREE,
  KEY `FK_barang_merk` (`merk_id`),
  KEY `FK_barang_artikel` (`artikel_id`),
  KEY `FK_barang_warna` (`warna_id`),
  KEY `FK_barang_jenis_barang` (`jenis_barang_id`),
  KEY `FK_barang_ukuran` (`ukuran_id`),
  KEY `FK_barang_kategori` (`kategori_barang_id`) USING BTREE,
  CONSTRAINT `FK_barang_artikel` FOREIGN KEY (`artikel_id`) REFERENCES `artikel` (`id`) ON DELETE RESTRICT ON UPDATE CASCADE,
  CONSTRAINT `FK_barang_jenis_barang` FOREIGN KEY (`jenis_barang_id`) REFERENCES `jenis_barang` (`id`) ON DELETE RESTRICT ON UPDATE CASCADE,
  CONSTRAINT `FK_barang_kategori` FOREIGN KEY (`kategori_barang_id`) REFERENCES `kategori_barang` (`id`) ON DELETE RESTRICT ON UPDATE CASCADE,
  CONSTRAINT `FK_barang_merk` FOREIGN KEY (`merk_id`) REFERENCES `merk` (`id`) ON DELETE RESTRICT ON UPDATE CASCADE,
  CONSTRAINT `FK_barang_ukuran` FOREIGN KEY (`ukuran_id`) REFERENCES `ukuran` (`id`) ON DELETE RESTRICT ON UPDATE CASCADE,
  CONSTRAINT `FK_barang_warna` FOREIGN KEY (`warna_id`) REFERENCES `warna` (`id`) ON DELETE RESTRICT ON UPDATE CASCADE
) ENGINE=InnoDB AUTO_INCREMENT=679 DEFAULT CHARSET=utf8mb4 COLLATE=utf8mb4_0900_ai_ci;

-- Dumping data for table distributor.barang: ~323 rows (approximately)
INSERT INTO `barang` (`id`, `kode`, `merk_id`, `artikel_id`, `warna_id`, `kategori_barang_id`, `jenis_barang_id`, `ukuran_id`, `created_at`, `updated_at`, `deleted_at`) VALUES
	(1, 'VP001', 3, 1, 220, 1, 1, 21, '2025-10-19 15:15:21', '2025-11-12 12:39:09', NULL),
	(2, 'VP002', 3, 1, 221, 1, 1, 21, '2025-10-19 15:15:21', '2025-11-12 12:39:09', NULL),
	(3, 'VP003', 3, 1, 222, 1, 1, 21, '2025-10-19 15:15:21', '2025-11-12 12:39:09', NULL),
	(4, 'VP004', 3, 1, 223, 1, 1, 21, '2025-10-19 15:15:21', '2025-11-12 12:39:09', NULL),
	(5, 'VP005', 3, 1, 224, 1, 1, 22, '2025-10-19 15:15:21', '2025-11-12 12:39:09', NULL),
	(6, 'VP006', 3, 1, 225, 1, 1, 22, '2025-10-19 15:15:21', '2025-11-12 12:39:09', NULL),
	(7, 'VP007', 3, 1, 226, 1, 1, 22, '2025-10-19 15:15:21', '2025-11-12 12:39:09', NULL),
	(8, 'VP008', 3, 2, 221, 1, 1, 21, '2025-10-19 15:15:21', '2025-11-12 12:39:09', NULL),
	(9, 'VP009', 3, 2, 227, 1, 1, 21, '2025-10-19 15:15:21', '2025-11-12 12:39:09', NULL),
	(10, 'VP010', 3, 2, 228, 1, 1, 21, '2025-10-19 15:15:21', '2025-11-12 12:39:09', NULL),
	(11, 'VP011', 3, 2, 229, 1, 1, 21, '2025-10-19 15:15:21', '2025-11-12 12:39:09', NULL),
	(12, 'VP012', 3, 2, 230, 1, 1, 21, '2025-10-19 15:15:21', '2025-11-12 12:39:09', NULL),
	(13, 'VP013', 3, 2, 225, 1, 1, 22, '2025-10-19 15:15:21', '2025-11-12 12:39:09', NULL),
	(14, 'VP014', 3, 2, 231, 1, 1, 22, '2025-10-19 15:15:21', '2025-11-12 12:39:09', NULL),
	(15, 'VP015', 3, 3, 220, 1, 1, 21, '2025-10-19 15:15:21', '2025-11-12 12:39:09', NULL),
	(16, 'VP016', 3, 3, 232, 1, 1, 21, '2025-10-19 15:15:21', '2025-11-12 12:39:09', NULL),
	(17, 'VP017', 3, 3, 221, 1, 1, 21, '2025-10-19 15:15:21', '2025-11-12 12:39:09', NULL),
	(18, 'VP018', 3, 3, 228, 1, 1, 21, '2025-10-19 15:15:21', '2025-11-12 12:39:09', NULL),
	(19, 'VP019', 3, 3, 225, 1, 1, 22, '2025-10-19 15:15:21', '2025-11-12 12:39:09', NULL),
	(20, 'VP020', 3, 3, 233, 1, 1, 22, '2025-10-19 15:15:21', '2025-11-12 12:39:09', NULL),
	(21, 'VP021', 3, 4, 220, 1, 1, 22, '2025-10-19 15:15:21', '2025-11-12 12:39:09', NULL),
	(22, 'VP022', 3, 4, 221, 1, 1, 22, '2025-10-19 15:15:21', '2025-11-12 12:39:09', NULL),
	(23, 'VP023', 3, 4, 223, 1, 1, 22, '2025-10-19 15:15:21', '2025-11-12 12:39:09', NULL),
	(24, 'VP024', 3, 4, 234, 1, 1, 22, '2025-10-19 15:15:21', '2025-11-12 12:39:09', NULL),
	(25, 'VP025', 3, 4, 225, 1, 1, 22, '2025-10-19 15:15:21', '2025-11-12 12:39:09', NULL),
	(26, 'VP026', 3, 4, 235, 1, 1, 22, '2025-10-19 15:15:21', '2025-11-12 12:39:09', NULL),
	(27, 'VP027', 3, 5, 221, 1, 1, 5, '2025-10-19 15:15:21', '2025-11-12 12:39:09', NULL),
	(28, 'VP028', 3, 5, 236, 1, 1, 5, '2025-10-19 15:15:21', '2025-11-12 12:39:09', NULL),
	(29, 'VP029', 3, 5, 237, 1, 1, 5, '2025-10-19 15:15:21', '2025-11-12 12:39:09', NULL),
	(30, 'VP030', 3, 5, 238, 1, 1, 5, '2025-10-19 15:15:21', '2025-11-12 12:39:09', NULL),
	(31, 'VP031', 3, 6, 239, 1, 1, 5, '2025-10-19 15:15:21', '2025-11-12 12:39:09', NULL),
	(32, 'VP032', 3, 6, 221, 1, 1, 5, '2025-10-19 15:15:21', '2025-11-12 12:39:09', NULL),
	(33, 'VP033', 3, 6, 238, 1, 1, 5, '2025-10-19 15:15:21', '2025-11-12 12:39:09', NULL),
	(34, 'VP034', 3, 6, 220, 1, 1, 5, '2025-10-19 15:15:21', '2025-11-12 12:39:09', NULL),
	(35, 'VP035', 3, 7, 221, 1, 1, 23, '2025-10-19 15:15:21', '2025-11-12 12:39:09', NULL),
	(36, 'VP036', 3, 7, 240, 1, 1, 23, '2025-10-19 15:15:21', '2025-11-12 12:39:09', NULL),
	(37, 'VP037', 3, 7, 241, 1, 1, 5, '2025-10-19 15:15:21', '2025-11-12 12:39:09', NULL),
	(38, 'VP038', 3, 7, 242, 1, 1, 5, '2025-10-19 15:15:21', '2025-11-12 12:39:09', NULL),
	(39, 'VP039', 3, 7, 243, 1, 1, 8, '2025-10-19 15:15:21', '2025-11-12 12:39:09', NULL),
	(40, 'VP040', 3, 7, 244, 1, 1, 8, '2025-10-19 15:15:21', '2025-11-12 12:39:09', NULL),
	(41, 'VP041', 3, 8, 236, 1, 1, 5, '2025-10-19 15:15:21', '2025-11-12 12:39:09', NULL),
	(42, 'VP042', 3, 8, 221, 1, 1, 5, '2025-10-19 15:15:21', '2025-11-12 12:39:09', NULL),
	(43, 'VP043', 3, 8, 234, 1, 1, 5, '2025-10-19 15:15:21', '2025-11-12 12:39:09', NULL),
	(44, 'VP044', 3, 8, 240, 1, 1, 5, '2025-10-19 15:15:21', '2025-11-12 12:39:09', NULL),
	(45, 'VP045', 3, 8, 245, 1, 1, 5, '2025-10-19 15:15:21', '2025-11-12 12:39:09', NULL),
	(258, 'CAV001', 2, 9, 30, 1, 1, 3, '2025-10-19 15:15:21', '2025-11-19 12:50:37', NULL),
	(259, 'CAV002', 2, 9, 1, 1, 1, 3, '2025-10-19 15:15:21', '2025-11-19 12:50:52', NULL),
	(260, 'CAV003', 2, 9, 30, 1, 1, 6, '2025-10-19 15:15:21', '2025-11-12 13:13:32', NULL),
	(261, 'CAV004', 2, 9, 1, 1, 1, 6, '2025-10-19 15:15:21', '2025-11-12 13:13:32', NULL),
	(262, 'CAV005', 2, 10, 30, 1, 1, 3, '2025-10-19 15:15:21', '2025-11-12 12:39:09', NULL),
	(263, 'CAV006', 2, 10, 1, 1, 1, 3, '2025-10-19 15:15:21', '2025-11-12 12:39:09', NULL),
	(264, 'CAV007', 2, 10, 30, 1, 1, 6, '2025-10-19 15:15:21', '2025-11-12 12:39:09', NULL),
	(265, 'CAV008', 2, 10, 1, 1, 1, 6, '2025-10-19 15:15:21', '2025-11-12 12:39:09', NULL),
	(266, 'CAV009', 2, 11, 30, 1, 1, 3, '2025-10-19 15:15:21', '2025-11-12 12:39:09', NULL),
	(267, 'CAV010', 2, 11, 1, 1, 1, 3, '2025-10-19 15:15:21', '2025-11-12 12:39:09', NULL),
	(268, 'CAV011', 2, 11, 30, 1, 1, 6, '2025-10-19 15:15:21', '2025-11-12 12:39:09', NULL),
	(269, 'CAV012', 2, 11, 1, 1, 1, 6, '2025-10-19 15:15:21', '2025-11-12 12:39:09', NULL),
	(270, 'CAV013', 2, 12, 30, 1, 1, 3, '2025-10-19 15:15:21', '2025-11-12 12:39:09', NULL),
	(271, 'CAV014', 2, 12, 1, 1, 1, 3, '2025-10-19 15:15:21', '2025-11-12 12:39:09', NULL),
	(272, 'CAV015', 2, 12, 30, 1, 1, 6, '2025-10-19 15:15:21', '2025-11-12 12:39:09', NULL),
	(273, 'CAV016', 2, 12, 1, 1, 1, 6, '2025-10-19 15:15:21', '2025-11-12 12:39:09', NULL),
	(274, 'CAV017', 2, 13, 30, 1, 1, 1, '2025-10-19 15:15:21', '2025-11-12 12:39:09', NULL),
	(275, 'CAV018', 2, 13, 1, 1, 1, 1, '2025-10-19 15:15:21', '2025-11-12 12:39:09', NULL),
	(276, 'CAV019', 2, 14, 30, 1, 1, 1, '2025-10-19 15:15:21', '2025-11-12 12:39:09', NULL),
	(277, 'CAV020', 2, 14, 1, 1, 1, 1, '2025-10-19 15:15:21', '2025-11-12 12:39:09', NULL),
	(278, 'CAV021', 2, 15, 30, 1, 1, 1, '2025-10-19 15:15:21', '2025-11-12 12:39:09', NULL),
	(279, 'CAV022', 2, 15, 1, 1, 1, 1, '2025-10-19 15:15:21', '2025-11-12 12:39:09', NULL),
	(280, 'CAV023', 2, 16, 30, 1, 1, 3, '2025-10-19 15:15:21', '2025-11-12 12:39:09', NULL),
	(281, 'CAV024', 2, 16, 1, 1, 1, 3, '2025-10-19 15:15:21', '2025-11-12 12:39:09', NULL),
	(282, 'CAV025', 2, 16, 30, 1, 1, 6, '2025-10-19 15:15:21', '2025-11-12 12:39:09', NULL),
	(283, 'CAV026', 2, 16, 1, 1, 1, 6, '2025-10-19 15:15:21', '2025-11-12 12:39:09', NULL),
	(284, 'CAV027', 2, 17, 30, 1, 1, 3, '2025-10-19 15:15:21', '2025-11-12 12:39:09', NULL),
	(285, 'CAV028', 2, 17, 1, 1, 1, 3, '2025-10-19 15:15:21', '2025-11-12 12:39:09', NULL),
	(286, 'CAV029', 2, 17, 30, 1, 1, 6, '2025-10-19 15:15:21', '2025-11-12 12:39:09', NULL),
	(287, 'CAV030', 2, 17, 1, 1, 1, 6, '2025-10-19 15:15:21', '2025-11-12 12:39:09', NULL),
	(288, 'CAV031', 2, 18, 30, 1, 1, 3, '2025-10-19 15:15:21', '2025-11-12 12:39:09', NULL),
	(289, 'CAV032', 2, 18, 1, 1, 1, 3, '2025-10-19 15:15:21', '2025-11-12 12:39:09', NULL),
	(290, 'CAV033', 2, 18, 30, 1, 1, 6, '2025-10-19 15:15:21', '2025-11-12 12:39:09', NULL),
	(291, 'CAV034', 2, 18, 1, 1, 1, 6, '2025-10-19 15:15:21', '2025-11-12 12:39:09', NULL),
	(292, 'CAV035', 2, 19, 30, 1, 1, 3, '2025-10-19 15:15:21', '2025-11-12 12:39:09', NULL),
	(293, 'CAV036', 2, 19, 1, 1, 1, 3, '2025-10-19 15:15:21', '2025-11-12 12:39:09', NULL),
	(294, 'CAV037', 2, 19, 30, 1, 1, 6, '2025-10-19 15:15:21', '2025-11-12 12:39:09', NULL),
	(295, 'CAV038', 2, 19, 1, 1, 1, 6, '2025-10-19 15:15:21', '2025-11-12 12:39:09', NULL),
	(296, 'CAV039', 2, 20, 30, 1, 1, 1, '2025-10-19 15:15:21', '2025-11-12 12:39:09', NULL),
	(297, 'CAV040', 2, 20, 1, 1, 1, 1, '2025-10-19 15:15:21', '2025-11-12 12:39:09', NULL),
	(298, 'CAV041', 2, 21, 30, 1, 1, 1, '2025-10-19 15:15:21', '2025-11-12 12:39:09', NULL),
	(299, 'CAV042', 2, 21, 1, 1, 1, 1, '2025-10-19 15:15:21', '2025-11-12 12:39:09', NULL),
	(300, 'CAV043', 2, 22, 30, 2, 1, 2, '2025-10-19 15:15:21', '2025-11-12 12:39:09', NULL),
	(301, 'CAV044', 2, 22, 1, 2, 1, 2, '2025-10-19 15:15:21', '2025-11-12 12:39:09', NULL),
	(302, 'CAV045', 2, 23, 30, 2, 1, 2, '2025-10-19 15:15:21', '2025-11-12 12:39:09', NULL),
	(303, 'CAV046', 2, 23, 1, 2, 1, 2, '2025-10-19 15:15:21', '2025-11-12 12:39:09', NULL),
	(304, 'CAV047', 2, 24, 30, 2, 1, 2, '2025-10-19 15:15:21', '2025-11-12 12:39:09', NULL),
	(305, 'CAV048', 2, 24, 1, 2, 1, 2, '2025-10-19 15:15:21', '2025-11-12 12:39:09', NULL),
	(306, 'CAV049', 2, 25, 30, 2, 1, 2, '2025-10-19 15:15:21', '2025-11-12 12:39:09', NULL),
	(307, 'CAV050', 2, 25, 1, 2, 1, 2, '2025-10-19 15:15:21', '2025-11-12 12:39:09', NULL),
	(308, 'CAV051', 2, 26, 30, 1, 1, 1, '2025-10-19 15:15:21', '2025-11-12 12:39:09', NULL),
	(309, 'CAV052', 2, 26, 1, 1, 1, 1, '2025-10-19 15:15:21', '2025-11-12 12:39:09', NULL),
	(310, 'CAV053', 2, 27, 30, 2, 1, 19, '2025-10-19 15:15:21', '2025-11-12 12:39:09', NULL),
	(311, 'CAV054', 2, 27, 1, 2, 1, 19, '2025-10-19 15:15:21', '2025-11-12 12:39:09', NULL),
	(312, 'CAV055', 2, 28, 30, 1, 1, 3, '2025-10-19 15:15:21', '2025-11-12 12:39:09', NULL),
	(313, 'CAV056', 2, 28, 1, 1, 1, 3, '2025-10-19 15:15:21', '2025-11-12 12:39:09', NULL),
	(314, 'CAV057', 2, 28, 10, 1, 1, 3, '2025-10-19 15:15:21', '2025-11-12 12:39:09', NULL),
	(315, 'CAV058', 2, 29, 30, 1, 1, 3, '2025-10-19 15:15:21', '2025-11-12 12:39:09', NULL),
	(316, 'CAV059', 2, 29, 1, 1, 1, 3, '2025-10-19 15:15:21', '2025-11-12 12:39:09', NULL),
	(317, 'CAV060', 2, 29, 27, 1, 1, 3, '2025-10-19 15:15:21', '2025-11-12 12:39:09', NULL),
	(318, 'CAV061', 2, 29, 10, 1, 1, 3, '2025-10-19 15:15:21', '2025-11-12 12:39:09', NULL),
	(319, 'CAV062', 2, 30, 30, 2, 1, 2, '2025-10-19 15:15:21', '2025-11-12 12:39:09', NULL),
	(320, 'CAV063', 2, 30, 1, 2, 1, 2, '2025-10-19 15:15:21', '2025-11-12 12:39:09', NULL),
	(321, 'CAV064', 2, 30, 27, 2, 1, 2, '2025-10-19 15:15:21', '2025-11-12 12:39:09', NULL),
	(322, 'CAV065', 2, 30, 57, 2, 1, 2, '2025-10-19 15:15:21', '2025-11-12 12:39:09', NULL),
	(323, 'CAV066', 2, 31, 30, 2, 1, 2, '2025-10-19 15:15:21', '2025-11-12 12:39:09', NULL),
	(324, 'CAV067', 2, 31, 1, 2, 1, 2, '2025-10-19 15:15:21', '2025-11-12 12:39:09', NULL),
	(325, 'CAV068', 2, 31, 212, 2, 1, 2, '2025-10-19 15:15:21', '2025-11-12 12:39:09', NULL),
	(326, 'CAV069', 2, 31, 213, 2, 1, 2, '2025-10-19 15:15:21', '2025-11-12 12:39:09', NULL),
	(327, 'CAV070', 2, 32, 30, 1, 1, 20, '2025-10-19 15:15:21', '2025-11-12 12:39:09', NULL),
	(328, 'CAV071', 2, 32, 1, 1, 1, 20, '2025-10-19 15:15:21', '2025-11-12 12:39:09', NULL),
	(329, 'CAV072', 2, 32, 123, 1, 1, 20, '2025-10-19 15:15:21', '2025-11-12 12:39:09', NULL),
	(330, 'CAV073', 2, 32, 214, 1, 1, 20, '2025-10-19 15:15:21', '2025-11-12 12:39:09', NULL),
	(331, 'CAV074', 2, 33, 30, 1, 1, 3, '2025-10-19 15:15:21', '2025-11-12 12:39:09', NULL),
	(332, 'CAV075', 2, 33, 1, 1, 1, 3, '2025-10-19 15:15:21', '2025-11-12 12:39:09', NULL),
	(333, 'CAV076', 2, 33, 215, 1, 1, 3, '2025-10-19 15:15:21', '2025-11-12 12:39:09', NULL),
	(334, 'CAV077', 2, 33, 57, 1, 1, 3, '2025-10-19 15:15:21', '2025-11-12 12:39:09', NULL),
	(335, 'CAV078', 2, 33, 30, 1, 1, 6, '2025-10-19 15:15:21', '2025-11-12 12:39:09', NULL),
	(336, 'CAV079', 2, 33, 1, 1, 1, 6, '2025-10-19 15:15:21', '2025-11-12 12:39:09', NULL),
	(337, 'CAV080', 2, 33, 215, 1, 1, 6, '2025-10-19 15:15:21', '2025-11-12 12:39:09', NULL),
	(338, 'CAV081', 2, 33, 57, 1, 1, 6, '2025-10-19 15:15:21', '2025-11-12 12:39:09', NULL),
	(339, 'CAV082', 2, 34, 30, 1, 1, 1, '2025-10-19 15:15:21', '2025-11-12 12:39:09', NULL),
	(340, 'CAV083', 2, 34, 1, 1, 1, 1, '2025-10-19 15:15:21', '2025-11-12 12:39:09', NULL),
	(341, 'CAV084', 2, 34, 184, 1, 1, 1, '2025-10-19 15:15:21', '2025-11-12 12:39:09', NULL),
	(342, 'CAV085', 2, 35, 30, 1, 1, 3, '2025-10-19 15:15:21', '2025-11-12 12:39:09', NULL),
	(343, 'CAV086', 2, 35, 1, 1, 1, 3, '2025-10-19 15:15:21', '2025-11-12 12:39:09', NULL),
	(344, 'CAV087', 2, 35, 216, 1, 1, 3, '2025-10-19 15:15:21', '2025-11-12 12:39:09', NULL),
	(345, 'CAV088', 2, 35, 10, 1, 1, 3, '2025-10-19 15:15:21', '2025-11-12 12:39:09', NULL),
	(346, 'CAV089', 2, 35, 30, 1, 1, 6, '2025-10-19 15:15:21', '2025-11-12 12:39:09', NULL),
	(347, 'CAV090', 2, 35, 1, 1, 1, 6, '2025-10-19 15:15:21', '2025-11-12 12:39:09', NULL),
	(348, 'CAV091', 2, 35, 216, 1, 1, 6, '2025-10-19 15:15:21', '2025-11-12 12:39:09', NULL),
	(349, 'CAV092', 2, 35, 10, 1, 1, 6, '2025-10-19 15:15:21', '2025-11-12 12:39:09', NULL),
	(350, 'CAV093', 2, 36, 30, 1, 1, 1, '2025-10-19 15:15:21', '2025-11-12 12:39:09', NULL),
	(351, 'CAV094', 2, 36, 1, 1, 1, 1, '2025-10-19 15:15:21', '2025-11-12 12:39:09', NULL),
	(352, 'CAV095', 2, 36, 217, 1, 1, 1, '2025-10-19 15:15:21', '2025-11-12 12:39:09', NULL),
	(353, 'CAV096', 2, 37, 30, 1, 1, 1, '2025-10-19 15:15:21', '2025-11-12 12:39:09', NULL),
	(354, 'CAV097', 2, 37, 1, 1, 1, 1, '2025-10-19 15:15:21', '2025-11-12 12:39:09', NULL),
	(355, 'CAV098', 2, 37, 218, 1, 1, 1, '2025-10-19 15:15:21', '2025-11-12 12:39:09', NULL),
	(356, 'CAV099', 2, 38, 30, 1, 1, 3, '2025-10-19 15:15:21', '2025-11-12 12:39:09', NULL),
	(357, 'CAV100', 2, 38, 1, 1, 1, 3, '2025-10-19 15:15:21', '2025-11-12 12:39:09', NULL),
	(358, 'CAV101', 2, 38, 44, 1, 1, 3, '2025-10-19 15:15:21', '2025-11-12 12:39:09', NULL),
	(359, 'CAV102', 2, 38, 219, 1, 1, 3, '2025-10-19 15:15:21', '2025-11-12 12:39:09', NULL),
	(360, 'CAV103', 2, 38, 30, 1, 1, 6, '2025-10-19 15:15:21', '2025-11-12 12:39:09', NULL),
	(361, 'CAV104', 2, 38, 1, 1, 1, 6, '2025-10-19 15:15:21', '2025-11-12 12:39:09', NULL),
	(362, 'CAV105', 2, 38, 44, 1, 1, 6, '2025-10-19 15:15:21', '2025-11-12 12:39:09', NULL),
	(363, 'CAV106', 2, 38, 219, 1, 1, 6, '2025-10-19 15:15:21', '2025-11-12 12:39:09', NULL),
	(364, 'CAV107', 2, 39, 1, 2, 1, 2, '2025-10-19 15:15:21', '2025-11-12 12:39:09', NULL),
	(365, 'CAV108', 2, 39, 30, 2, 1, 2, '2025-10-19 15:15:21', '2025-11-12 12:39:09', NULL),
	(366, 'CAV109', 2, 40, 1, 2, 1, 2, '2025-10-19 15:15:21', '2025-11-12 12:39:09', NULL),
	(367, 'CAV110', 2, 40, 30, 2, 1, 2, '2025-10-19 15:15:21', '2025-11-12 12:39:09', NULL),
	(368, 'CAV111', 2, 41, 30, 2, 1, 2, '2025-10-19 15:15:21', '2025-11-12 12:39:09', NULL),
	(369, 'CAV112', 2, 41, 1, 2, 1, 2, '2025-10-19 15:15:21', '2025-11-12 12:39:09', NULL),
	(370, 'CAV113', 2, 42, 30, 2, 1, 2, '2025-10-19 15:15:21', '2025-11-12 12:39:09', NULL),
	(371, 'CAV114', 2, 42, 1, 2, 1, 2, '2025-10-19 15:15:21', '2025-11-12 12:39:09', NULL),
	(515, 'SD001', 1, 158, 22, 1, 2, 5, '2025-10-20 19:35:51', '2025-11-12 12:39:09', NULL),
	(516, 'SD002', 1, 158, 30, 1, 2, 5, '2025-10-20 19:35:51', '2025-11-12 12:39:09', NULL),
	(517, 'SD003', 1, 158, 258, 1, 2, 5, '2025-10-20 19:35:51', '2025-11-12 12:39:09', NULL),
	(518, 'SD004', 1, 158, 195, 1, 2, 5, '2025-10-20 19:35:51', '2025-11-12 12:39:09', NULL),
	(519, 'SD005', 1, 158, 259, 1, 2, 5, '2025-10-20 19:35:51', '2025-11-12 12:39:09', NULL),
	(520, 'SD006', 1, 158, 260, 1, 2, 5, '2025-10-20 19:35:51', '2025-11-12 12:39:09', NULL),
	(521, 'SD007', 1, 159, 261, 1, 2, 5, '2025-10-20 19:35:51', '2025-11-12 12:39:09', NULL),
	(522, 'SD008', 1, 159, 262, 1, 2, 5, '2025-10-20 19:35:51', '2025-11-12 12:39:09', NULL),
	(523, 'SD009', 1, 159, 30, 1, 2, 5, '2025-10-20 19:35:51', '2025-11-12 12:39:09', NULL),
	(524, 'SD010', 1, 159, 258, 1, 2, 5, '2025-10-20 19:35:51', '2025-11-12 12:39:09', NULL),
	(525, 'SD011', 1, 159, 263, 1, 2, 5, '2025-10-20 19:35:51', '2025-11-12 12:39:09', NULL),
	(526, 'SD012', 1, 159, 28, 1, 2, 5, '2025-10-20 19:35:51', '2025-11-12 12:39:09', NULL),
	(527, 'SD013', 1, 160, 264, 1, 2, 5, '2025-10-20 19:35:51', '2025-11-12 12:39:09', NULL),
	(528, 'SD014', 1, 160, 30, 1, 2, 5, '2025-10-20 19:35:51', '2025-11-12 12:39:09', NULL),
	(529, 'SD015', 1, 160, 258, 1, 2, 5, '2025-10-20 19:35:51', '2025-11-12 12:39:09', NULL),
	(530, 'SD016', 1, 161, 99, 1, 2, 5, '2025-10-20 19:35:51', '2025-11-12 12:39:09', NULL),
	(531, 'SD017', 1, 161, 10, 1, 2, 5, '2025-10-20 19:35:51', '2025-11-12 12:39:09', NULL),
	(532, 'SD018', 1, 161, 265, 1, 2, 5, '2025-10-20 19:35:51', '2025-11-12 12:39:09', NULL),
	(533, 'SD019', 1, 161, 266, 1, 2, 5, '2025-10-20 19:35:51', '2025-11-12 12:39:09', NULL),
	(534, 'SD020', 1, 161, 33, 1, 2, 5, '2025-10-20 19:35:51', '2025-11-12 12:39:09', NULL),
	(535, 'SD021', 1, 161, 267, 1, 2, 5, '2025-10-20 19:35:51', '2025-11-12 12:39:09', NULL),
	(536, 'SD022', 1, 162, 98, 1, 2, 5, '2025-10-20 19:35:51', '2025-11-12 12:39:09', NULL),
	(537, 'SD023', 1, 162, 33, 1, 2, 5, '2025-10-20 19:35:51', '2025-11-12 12:39:09', NULL),
	(538, 'SD024', 1, 162, 99, 1, 2, 5, '2025-10-20 19:35:51', '2025-11-12 12:39:09', NULL),
	(539, 'SD025', 1, 162, 268, 1, 2, 5, '2025-10-20 19:35:51', '2025-11-12 12:39:09', NULL),
	(540, 'SD026', 1, 162, 269, 1, 2, 5, '2025-10-20 19:35:51', '2025-11-12 12:39:09', NULL),
	(541, 'SD027', 1, 162, 270, 1, 2, 5, '2025-10-20 19:35:51', '2025-11-12 12:39:09', NULL),
	(542, 'SD028', 1, 162, 32, 1, 2, 5, '2025-10-20 19:35:51', '2025-11-12 12:39:09', NULL),
	(543, 'SD029', 1, 163, 99, 2, 2, 27, '2025-10-20 19:35:51', '2025-11-12 12:39:09', NULL),
	(544, 'SD030', 1, 163, 265, 2, 2, 27, '2025-10-20 19:35:51', '2025-11-12 12:39:09', NULL),
	(545, 'SD031', 1, 163, 33, 2, 2, 27, '2025-10-20 19:35:51', '2025-11-12 12:39:09', NULL),
	(546, 'SD032', 1, 163, 267, 2, 2, 27, '2025-10-20 19:35:51', '2025-11-12 12:39:09', NULL),
	(547, 'SD033', 1, 164, 33, 1, 2, 3, '2025-10-20 19:35:51', '2025-11-12 12:39:09', NULL),
	(548, 'SD034', 1, 164, 22, 1, 2, 3, '2025-10-20 19:35:51', '2025-11-12 12:39:09', NULL),
	(549, 'SD035', 1, 164, 273, 1, 2, 3, '2025-10-20 19:35:51', '2025-11-12 12:39:09', NULL),
	(550, 'SD036', 1, 164, 266, 1, 2, 3, '2025-10-20 19:35:51', '2025-11-12 12:39:09', NULL),
	(551, 'SD037', 1, 164, 275, 1, 2, 3, '2025-10-20 19:35:51', '2025-11-12 12:39:09', NULL),
	(552, 'SD038', 1, 164, 276, 1, 2, 3, '2025-10-20 19:35:51', '2025-11-12 12:39:09', NULL),
	(553, 'SD039', 1, 164, 277, 1, 2, 3, '2025-10-20 19:35:51', '2025-11-12 12:39:09', NULL),
	(554, 'SD040', 1, 164, 11, 1, 2, 3, '2025-10-20 19:35:51', '2025-11-12 12:39:09', NULL),
	(555, 'SD041', 1, 164, 32, 1, 2, 3, '2025-10-20 19:35:51', '2025-11-12 12:39:09', NULL),
	(556, 'SD042', 1, 164, 33, 1, 2, 4, '2025-10-20 19:35:51', '2025-11-12 12:39:09', NULL),
	(557, 'SD043', 1, 164, 22, 1, 2, 4, '2025-10-20 19:35:51', '2025-11-12 12:39:09', NULL),
	(558, 'SD044', 1, 164, 273, 1, 2, 4, '2025-10-20 19:35:51', '2025-11-12 12:39:09', NULL),
	(559, 'SD045', 1, 164, 266, 1, 2, 4, '2025-10-20 19:35:51', '2025-11-12 12:39:09', NULL),
	(560, 'SD046', 1, 164, 275, 1, 2, 4, '2025-10-20 19:35:51', '2025-11-12 12:39:09', NULL),
	(561, 'SD047', 1, 164, 276, 1, 2, 4, '2025-10-20 19:35:51', '2025-11-12 12:39:09', NULL),
	(562, 'SD048', 1, 164, 277, 1, 2, 4, '2025-10-20 19:35:51', '2025-11-12 12:39:09', NULL),
	(563, 'SD049', 1, 164, 11, 1, 2, 4, '2025-10-20 19:35:51', '2025-11-12 12:39:09', NULL),
	(564, 'SD050', 1, 165, 4, 1, 2, 1, '2025-10-20 19:35:51', '2025-11-12 12:39:09', NULL),
	(565, 'SD051', 1, 165, 283, 1, 2, 1, '2025-10-20 19:35:51', '2025-11-12 12:39:09', NULL),
	(566, 'SD052', 1, 165, 284, 1, 2, 1, '2025-10-20 19:35:51', '2025-11-12 12:39:09', NULL),
	(567, 'SD053', 1, 165, 285, 1, 2, 1, '2025-10-20 19:35:51', '2025-11-12 12:39:09', NULL),
	(568, 'SD054', 1, 165, 286, 1, 2, 1, '2025-10-20 19:35:51', '2025-11-12 12:39:09', NULL),
	(569, 'SD055', 1, 165, 287, 1, 2, 1, '2025-10-20 19:35:51', '2025-11-12 12:39:09', NULL),
	(570, 'SD056', 1, 166, 248, 1, 2, 3, '2025-10-20 19:35:51', '2025-11-12 12:39:09', NULL),
	(571, 'SD057', 1, 166, 276, 1, 2, 3, '2025-10-20 19:35:51', '2025-11-12 12:39:09', NULL),
	(572, 'SD058', 1, 166, 11, 1, 2, 3, '2025-10-20 19:35:51', '2025-11-12 12:39:09', NULL),
	(573, 'SD059', 1, 166, 237, 1, 2, 3, '2025-10-20 19:35:51', '2025-11-12 12:39:09', NULL),
	(574, 'SD060', 1, 166, 248, 1, 2, 4, '2025-10-20 19:35:51', '2025-11-12 12:39:09', NULL),
	(575, 'SD061', 1, 166, 276, 1, 2, 4, '2025-10-20 19:35:51', '2025-11-12 12:39:09', NULL),
	(576, 'SD062', 1, 166, 11, 1, 2, 4, '2025-10-20 19:35:51', '2025-11-12 12:39:09', NULL),
	(577, 'SD063', 1, 166, 237, 1, 2, 4, '2025-10-20 19:35:51', '2025-11-12 12:39:09', NULL),
	(578, 'SD064', 1, 167, 248, 1, 2, 3, '2025-10-20 19:35:51', '2025-11-12 12:39:09', NULL),
	(579, 'SD065', 1, 167, 22, 1, 2, 3, '2025-10-20 19:35:51', '2025-11-12 12:39:09', NULL),
	(580, 'SD066', 1, 167, 11, 1, 2, 3, '2025-10-20 19:35:51', '2025-11-12 12:39:09', NULL),
	(581, 'SD067', 1, 167, 276, 1, 2, 3, '2025-10-20 19:35:51', '2025-11-12 12:39:09', NULL),
	(582, 'SD068', 1, 167, 248, 1, 2, 4, '2025-10-20 19:35:51', '2025-11-12 12:39:09', NULL),
	(583, 'SD069', 1, 167, 22, 1, 2, 4, '2025-10-20 19:35:51', '2025-11-12 12:39:09', NULL),
	(584, 'SD070', 1, 167, 11, 1, 2, 4, '2025-10-20 19:35:51', '2025-11-12 12:39:09', NULL),
	(585, 'SD071', 1, 167, 276, 1, 2, 4, '2025-10-20 19:35:51', '2025-11-12 12:39:09', NULL),
	(586, 'SD072', 1, 168, 276, 1, 2, 3, '2025-10-20 19:35:51', '2025-11-12 12:39:09', NULL),
	(587, 'SD073', 1, 168, 290, 1, 2, 3, '2025-10-20 19:35:51', '2025-11-12 12:39:09', NULL),
	(588, 'SD074', 1, 168, 11, 1, 2, 3, '2025-10-20 19:35:51', '2025-11-12 12:39:09', NULL),
	(589, 'SD075', 1, 168, 32, 1, 2, 3, '2025-10-20 19:35:51', '2025-11-12 12:39:09', NULL),
	(590, 'SD076', 1, 168, 276, 1, 2, 4, '2025-10-20 19:35:51', '2025-11-12 12:39:09', NULL),
	(591, 'SD077', 1, 168, 290, 1, 2, 4, '2025-10-20 19:35:51', '2025-11-12 12:39:09', NULL),
	(592, 'SD078', 1, 168, 11, 1, 2, 4, '2025-10-20 19:35:51', '2025-11-12 12:39:09', NULL),
	(593, 'SD079', 1, 168, 32, 1, 2, 4, '2025-10-20 19:35:51', '2025-11-12 12:39:09', NULL),
	(594, 'SD080', 1, 169, 32, 1, 2, 5, '2025-10-20 19:35:51', '2025-11-12 12:39:09', NULL),
	(595, 'SD081', 1, 169, 11, 1, 2, 5, '2025-10-20 19:35:51', '2025-11-12 12:39:09', NULL),
	(596, 'SD082', 1, 169, 291, 1, 2, 5, '2025-10-20 19:35:51', '2025-11-12 12:39:09', NULL),
	(597, 'SD083', 1, 169, 43, 1, 2, 5, '2025-10-20 19:35:51', '2025-11-12 12:39:09', NULL),
	(598, 'SD084', 1, 169, 276, 1, 2, 5, '2025-10-20 19:35:51', '2025-11-12 12:39:09', NULL),
	(599, 'SD085', 1, 170, 1, 1, 2, 1, '2025-10-20 19:35:51', '2025-11-12 12:39:09', NULL),
	(600, 'SD086', 1, 170, 10, 1, 2, 1, '2025-10-20 19:35:51', '2025-11-12 12:39:09', NULL),
	(601, 'SD087', 1, 170, 27, 1, 2, 1, '2025-10-20 19:35:51', '2025-11-12 12:39:09', NULL),
	(602, 'SD088', 1, 170, 292, 1, 2, 1, '2025-10-20 19:35:51', '2025-11-12 12:39:09', NULL),
	(603, 'SD089', 1, 170, 45, 1, 2, 1, '2025-10-20 19:35:51', '2025-11-12 12:39:09', NULL),
	(604, 'SD090', 1, 171, 266, 1, 2, 3, '2025-10-20 19:35:51', '2025-11-12 12:39:09', NULL),
	(605, 'SD091', 1, 171, 32, 1, 2, 3, '2025-10-20 19:35:51', '2025-11-12 12:39:09', NULL),
	(606, 'SD092', 1, 171, 193, 1, 2, 3, '2025-10-20 19:35:51', '2025-11-12 12:39:09', NULL),
	(607, 'SD093', 1, 171, 1, 1, 2, 3, '2025-10-20 19:35:51', '2025-11-12 12:39:09', NULL),
	(608, 'SD094', 1, 171, 266, 1, 2, 4, '2025-10-20 19:35:51', '2025-11-12 12:39:09', NULL),
	(609, 'SD095', 1, 171, 32, 1, 2, 4, '2025-10-20 19:35:51', '2025-11-12 12:39:09', NULL),
	(610, 'SD096', 1, 171, 193, 1, 2, 4, '2025-10-20 19:35:51', '2025-11-12 12:39:09', NULL),
	(611, 'SD097', 1, 171, 1, 1, 2, 4, '2025-10-20 19:35:51', '2025-11-12 12:39:09', NULL),
	(612, 'SD098', 1, 172, 22, 1, 2, 3, '2025-10-20 19:35:51', '2025-11-12 12:39:09', NULL),
	(613, 'SD099', 1, 172, 266, 1, 2, 3, '2025-10-20 19:35:51', '2025-11-12 12:39:09', NULL),
	(614, 'SD100', 1, 172, 11, 1, 2, 3, '2025-10-20 19:35:51', '2025-11-12 12:39:09', NULL),
	(615, 'SD101', 1, 172, 10, 1, 2, 3, '2025-10-20 19:35:51', '2025-11-12 12:39:09', NULL),
	(616, 'SD102', 1, 172, 22, 1, 2, 4, '2025-10-20 19:35:51', '2025-11-12 12:39:09', NULL),
	(617, 'SD103', 1, 172, 266, 1, 2, 4, '2025-10-20 19:35:51', '2025-11-12 12:39:09', NULL),
	(618, 'SD104', 1, 172, 11, 1, 2, 4, '2025-10-20 19:35:51', '2025-11-12 12:39:09', NULL),
	(619, 'SD105', 1, 172, 10, 1, 2, 4, '2025-10-20 19:35:51', '2025-11-12 12:39:09', NULL),
	(620, 'SD106', 1, 173, 295, 1, 2, 3, '2025-10-20 19:35:51', '2025-11-12 12:39:09', NULL),
	(621, 'SD107', 1, 173, 248, 1, 2, 3, '2025-10-20 19:35:51', '2025-11-12 12:39:09', NULL),
	(622, 'SD108', 1, 173, 223, 1, 2, 3, '2025-10-20 19:35:51', '2025-11-12 12:39:09', NULL),
	(623, 'SD109', 1, 173, 256, 1, 2, 3, '2025-10-20 19:35:51', '2025-11-12 12:39:09', NULL),
	(624, 'SD110', 1, 173, 247, 1, 2, 3, '2025-10-20 19:35:51', '2025-11-12 12:39:09', NULL),
	(625, 'SD111', 1, 173, 260, 1, 2, 3, '2025-10-20 19:35:51', '2025-11-12 12:39:09', NULL),
	(626, 'SD112', 1, 173, 297, 1, 2, 3, '2025-10-20 19:35:51', '2025-11-12 12:39:09', NULL),
	(627, 'SD113', 1, 173, 295, 1, 2, 6, '2025-10-20 19:35:51', '2025-11-12 12:39:09', NULL),
	(628, 'SD114', 1, 173, 248, 1, 2, 6, '2025-10-20 19:35:51', '2025-11-12 12:39:09', NULL),
	(629, 'SD115', 1, 173, 223, 1, 2, 6, '2025-10-20 19:35:51', '2025-11-12 12:39:09', NULL),
	(630, 'SD116', 1, 173, 256, 1, 2, 6, '2025-10-20 19:35:51', '2025-11-12 12:39:09', NULL),
	(631, 'SD117', 1, 173, 247, 1, 2, 6, '2025-10-20 19:35:51', '2025-11-12 12:39:09', NULL),
	(632, 'SD118', 1, 173, 260, 1, 2, 6, '2025-10-20 19:35:51', '2025-11-12 12:39:09', NULL),
	(633, 'SD119', 1, 173, 297, 1, 2, 6, '2025-10-20 19:35:51', '2025-11-12 12:39:09', NULL),
	(634, 'SD120', 1, 174, 276, 1, 2, 3, '2025-10-20 19:35:51', '2025-11-12 12:39:09', NULL),
	(635, 'SD121', 1, 174, 22, 1, 2, 3, '2025-10-20 19:35:51', '2025-11-12 12:39:09', NULL),
	(636, 'SD122', 1, 174, 33, 1, 2, 3, '2025-10-20 19:35:51', '2025-11-12 12:39:09', NULL),
	(637, 'SD123', 1, 174, 248, 1, 2, 3, '2025-10-20 19:35:51', '2025-11-12 12:39:09', NULL),
	(638, 'SD124', 1, 174, 299, 1, 2, 3, '2025-10-20 19:35:51', '2025-11-12 12:39:09', NULL),
	(639, 'SD125', 1, 174, 300, 1, 2, 3, '2025-10-20 19:35:51', '2025-11-12 12:39:09', NULL),
	(640, 'SD126', 1, 175, 130, 1, 2, 1, '2025-10-20 19:35:51', '2025-11-12 12:39:09', NULL),
	(641, 'SD127', 1, 175, 111, 1, 2, 1, '2025-10-20 19:35:51', '2025-11-12 12:39:09', NULL),
	(642, 'SD128', 1, 175, 301, 1, 2, 1, '2025-10-20 19:35:51', '2025-11-12 12:39:09', NULL),
	(643, 'SD129', 1, 175, 302, 1, 2, 1, '2025-10-20 19:35:51', '2025-11-12 12:39:09', NULL),
	(644, 'SD130', 1, 175, 303, 1, 2, 1, '2025-10-20 19:35:51', '2025-11-12 12:39:09', NULL),
	(645, 'SD131', 1, 175, 11, 1, 2, 1, '2025-10-20 19:35:51', '2025-11-12 12:39:09', NULL),
	(646, 'SD132', 1, 175, 32, 1, 2, 1, '2025-10-20 19:35:51', '2025-11-12 12:39:09', NULL),
	(647, 'SD133', 1, 175, 248, 1, 2, 1, '2025-10-20 19:35:51', '2025-11-12 12:39:09', NULL),
	(648, 'SD134', 1, 175, 33, 1, 2, 1, '2025-10-20 19:35:51', '2025-11-12 12:39:09', NULL),
	(649, 'SD135', 1, 175, 22, 1, 2, 1, '2025-10-20 19:35:51', '2025-11-12 12:39:09', NULL),
	(650, 'SD136', 1, 175, 223, 1, 2, 1, '2025-10-20 19:35:51', '2025-11-12 12:39:09', NULL),
	(651, 'SD137', 1, 176, 248, 1, 2, 3, '2025-10-20 19:35:51', '2025-11-12 12:39:09', NULL),
	(652, 'SD138', 1, 176, 295, 1, 2, 3, '2025-10-20 19:35:51', '2025-11-12 12:39:09', NULL),
	(653, 'SD139', 1, 176, 257, 1, 2, 3, '2025-10-20 19:35:51', '2025-11-12 12:39:09', NULL),
	(654, 'SD140', 1, 176, 248, 1, 2, 4, '2025-10-20 19:35:51', '2025-11-12 12:39:09', NULL),
	(655, 'SD141', 1, 176, 295, 1, 2, 4, '2025-10-20 19:35:51', '2025-11-12 12:39:09', NULL),
	(656, 'SD142', 1, 176, 257, 1, 2, 4, '2025-10-20 19:35:51', '2025-11-12 12:39:09', NULL),
	(657, 'SD143', 1, 177, 248, 1, 2, 18, '2025-10-20 19:35:51', '2025-11-12 12:39:09', NULL),
	(658, 'SD144', 1, 177, 295, 1, 2, 18, '2025-10-20 19:35:51', '2025-11-12 12:39:09', NULL),
	(659, 'SD145', 1, 177, 256, 1, 2, 18, '2025-10-20 19:35:51', '2025-11-12 12:39:09', NULL),
	(660, 'SD146', 1, 177, 305, 1, 2, 18, '2025-10-20 19:35:51', '2025-11-12 12:39:09', NULL),
	(661, 'SD147', 1, 177, 306, 1, 2, 18, '2025-10-20 19:35:51', '2025-11-12 12:39:09', NULL),
	(662, 'SD148', 1, 177, 247, 1, 2, 18, '2025-10-20 19:35:51', '2025-11-12 12:39:09', NULL),
	(663, 'SD149', 1, 178, 248, 1, 2, 18, '2025-10-20 19:35:51', '2025-11-12 12:39:09', NULL),
	(664, 'SD150', 1, 178, 256, 1, 2, 18, '2025-10-20 19:35:51', '2025-11-12 12:39:09', NULL),
	(665, 'SD151', 1, 178, 223, 1, 2, 18, '2025-10-20 19:35:51', '2025-11-12 12:39:09', NULL),
	(666, 'SD152', 1, 178, 247, 1, 2, 18, '2025-10-20 19:35:51', '2025-11-12 12:39:09', NULL),
	(667, 'SD153', 1, 179, 248, 1, 2, 18, '2025-10-20 19:35:51', '2025-11-12 12:39:09', NULL),
	(668, 'SD154', 1, 179, 295, 1, 2, 18, '2025-10-20 19:35:51', '2025-11-12 12:39:09', NULL),
	(669, 'SD155', 1, 179, 260, 1, 2, 18, '2025-10-20 19:35:51', '2025-11-12 12:39:09', NULL),
	(670, 'SD156', 1, 179, 307, 1, 2, 18, '2025-10-20 19:35:51', '2025-11-12 12:39:09', NULL),
	(671, 'SD157', 1, 179, 247, 1, 2, 18, '2025-10-20 19:35:51', '2025-11-12 12:39:09', NULL),
	(672, 'SD158', 1, 180, 151, 1, 2, 18, '2025-10-20 19:35:51', '2025-11-12 12:39:09', NULL),
	(673, 'SD159', 1, 180, 308, 1, 2, 18, '2025-10-20 19:35:51', '2025-11-12 12:39:09', NULL),
	(674, 'SD160', 1, 180, 309, 1, 2, 18, '2025-10-20 19:35:51', '2025-11-12 12:39:09', NULL),
	(675, 'SD161', 1, 180, 57, 1, 2, 18, '2025-10-20 19:35:51', '2025-11-12 12:39:09', NULL),
	(676, 'SD162', 1, 180, 165, 1, 2, 18, '2025-10-20 19:35:51', '2025-11-12 12:39:09', NULL),
	(677, 'SD163', 1, 180, 310, 1, 2, 18, '2025-10-20 19:35:51', '2025-11-12 12:39:09', NULL),
	(678, 'NEW', 3, 6, 156, 1, 1, 26, '2025-11-01 07:56:01', '2025-11-12 12:39:09', NULL);

-- Dumping structure for table distributor.ekspedisi
DROP TABLE IF EXISTS `ekspedisi`;
CREATE TABLE IF NOT EXISTS `ekspedisi` (
  `id` int NOT NULL AUTO_INCREMENT,
  `nama` varchar(100) CHARACTER SET utf8mb4 COLLATE utf8mb4_0900_ai_ci NOT NULL,
  `created_at` datetime DEFAULT (now()),
  `updated_at` datetime NOT NULL DEFAULT (now()) ON UPDATE CURRENT_TIMESTAMP,
  PRIMARY KEY (`id`) USING BTREE,
  UNIQUE KEY `nama` (`nama`) USING BTREE
) ENGINE=InnoDB AUTO_INCREMENT=98 DEFAULT CHARSET=utf8mb4 COLLATE=utf8mb4_0900_ai_ci;

-- Dumping data for table distributor.ekspedisi: ~97 rows (approximately)
INSERT INTO `ekspedisi` (`id`, `nama`, `created_at`, `updated_at`) VALUES
	(1, 'WARNA TATA JAYA', '2025-10-19 15:58:09', '2025-10-19 15:58:09'),
	(2, 'SATRIA BIRU RAYA (DEPO TANTO 4)', '2025-10-19 15:58:09', '2025-10-19 15:58:09'),
	(3, 'WIJAYA KARYA ', '2025-10-19 15:58:09', '2025-10-19 15:58:09'),
	(4, 'KIRIM SENDIRI', '2025-10-19 15:58:09', '2025-10-19 15:58:09'),
	(5, 'AGUS', '2025-10-19 15:58:09', '2025-10-19 15:58:09'),
	(6, 'SUMBER BARU', '2025-10-19 15:58:09', '2025-10-19 15:58:09'),
	(7, 'TIMUR JAYA', '2025-10-19 15:58:09', '2025-10-19 15:58:09'),
	(8, 'ATLAS', '2025-10-19 15:58:09', '2025-10-19 15:58:09'),
	(9, 'BANYUWANGI CEPAT', '2025-10-19 15:58:09', '2025-10-19 15:58:09'),
	(10, 'KM INDAH', '2025-10-19 15:58:09', '2025-10-19 15:58:09'),
	(11, 'SULUNG', '2025-10-19 15:58:09', '2025-10-19 15:58:09'),
	(12, 'COKRO EXPRESS', '2025-10-19 15:58:09', '2025-10-19 15:58:09'),
	(13, 'SURYA TRANS', '2025-10-19 15:58:09', '2025-10-19 15:58:09'),
	(14, 'MULYA BHAKTI', '2025-10-19 15:58:09', '2025-10-19 15:58:09'),
	(15, 'LANDUNG INDAH', '2025-10-19 15:58:09', '2025-10-19 15:58:09'),
	(16, 'YUDHA PERKASA', '2025-10-19 15:58:09', '2025-10-19 15:58:09'),
	(17, 'DUTA INDAH CARGO', '2025-10-19 15:58:09', '2025-10-19 15:58:09'),
	(18, 'INAYAH (HIDAYAH BERSAMA)', '2025-10-19 15:58:09', '2025-10-19 15:58:09'),
	(19, 'DOMINAN', '2025-10-19 15:58:09', '2025-10-19 15:58:09'),
	(20, 'SAMA INDAH', '2025-10-19 15:58:09', '2025-10-19 15:58:09'),
	(21, 'DINOYO PUTRA', '2025-10-19 15:58:09', '2025-10-19 15:58:09'),
	(22, 'SAM BARU', '2025-10-19 15:58:09', '2025-10-19 15:58:09'),
	(23, 'KS', '2025-10-19 15:58:09', '2025-10-19 15:58:09'),
	(24, 'GRAND JAYA ', '2025-10-19 15:58:09', '2025-10-19 15:58:09'),
	(25, 'SURYA INTI', '2025-10-19 15:58:09', '2025-10-19 15:58:09'),
	(26, 'IFATRAN (DEPTO TANTO 2)', '2025-10-19 15:58:09', '2025-10-19 15:58:09'),
	(27, 'SINAR INTAN (DEPO TANTO 2)', '2025-10-19 15:58:09', '2025-10-19 15:58:09'),
	(28, 'ANUGRAH DUTA PRIMA (DEPO TANTO 4)', '2025-10-19 15:58:09', '2025-10-19 15:58:09'),
	(29, 'JAYA EXPRESS', '2025-10-19 15:58:09', '2025-10-19 15:58:09'),
	(30, 'BERKAT MANDIRI TRANS', '2025-10-19 15:58:09', '2025-10-19 15:58:09'),
	(31, 'LINTASINDO DHARMA SAKTI', '2025-10-19 15:58:09', '2025-10-19 15:58:09'),
	(32, 'LJS (LINTAS JAWA SUMATRA)', '2025-10-19 15:58:09', '2025-10-19 15:58:09'),
	(33, 'PT. MERDEKA', '2025-10-19 15:58:09', '2025-10-19 15:58:09'),
	(34, 'KS/MAWAR', '2025-10-19 15:58:09', '2025-10-19 15:58:09'),
	(35, 'IFATRANS TANJUNG PERAK', '2025-10-19 15:58:09', '2025-10-19 15:58:09'),
	(36, 'WASPADA', '2025-10-19 15:58:09', '2025-10-19 15:58:09'),
	(37, 'TRIJAYA LINTAS', '2025-10-19 15:58:09', '2025-10-19 15:58:09'),
	(38, 'DNY', '2025-10-19 15:58:09', '2025-10-19 15:58:09'),
	(39, 'INDOFERO', '2025-10-19 15:58:09', '2025-10-19 15:58:09'),
	(40, 'UTAMA/MUTIARA', '2025-10-19 15:58:09', '2025-10-19 15:58:09'),
	(41, 'TRI TUNGGAL', '2025-10-19 15:58:09', '2025-10-19 15:58:09'),
	(42, 'LAUT MAS', '2025-10-19 15:58:09', '2025-10-19 15:58:09'),
	(43, 'DOMINAN JAYA', '2025-10-19 15:58:09', '2025-10-19 15:58:09'),
	(44, 'BALI CEPAT', '2025-10-19 15:58:09', '2025-10-19 15:58:09'),
	(45, 'BAYU GEDE', '2025-10-19 15:58:09', '2025-10-19 15:58:09'),
	(46, 'MEKAR JAYA', '2025-10-19 15:58:09', '2025-10-19 15:58:09'),
	(47, 'BERKAT SEJATI', '2025-10-19 15:58:09', '2025-10-19 15:58:09'),
	(48, 'DINOYO BARU', '2025-10-19 15:58:09', '2025-10-19 15:58:09'),
	(49, 'SURYA ANGKASA', '2025-10-19 15:58:09', '2025-10-19 15:58:09'),
	(50, 'PODO HASIL', '2025-10-19 15:58:09', '2025-10-19 15:58:09'),
	(51, 'PT. AFRO TRANS', '2025-10-19 15:58:09', '2025-10-19 15:58:09'),
	(52, 'SAM', '2025-10-19 15:58:09', '2025-10-19 15:58:09'),
	(53, 'DAMAI', '2025-10-19 15:58:09', '2025-10-19 15:58:09'),
	(54, 'DMB EXPRESS', '2025-10-19 15:58:09', '2025-10-19 15:58:09'),
	(55, 'JAYA MULYA', '2025-10-19 15:58:09', '2025-10-19 15:58:09'),
	(56, 'CEMPAKA WANGI', '2025-10-19 15:58:09', '2025-10-19 15:58:09'),
	(57, 'TIMBUL JAYA', '2025-10-19 15:58:09', '2025-10-19 15:58:09'),
	(58, 'MULIA BAKTI', '2025-10-19 15:58:09', '2025-10-19 15:58:09'),
	(59, 'MULYA BARU', '2025-10-19 15:58:09', '2025-10-19 15:58:09'),
	(60, 'NASRU', '2025-10-19 15:58:09', '2025-10-19 15:58:09'),
	(61, 'DNY. 627', '2025-10-19 15:58:09', '2025-10-20 18:53:25'),
	(62, 'PT. TUNAS JAYA ELOK', '2025-10-19 15:58:09', '2025-10-19 15:58:09'),
	(63, 'CELEBES PERMATA', '2025-10-19 15:58:09', '2025-10-19 15:58:09'),
	(64, 'LINTAS JAWA SUMATRA', '2025-10-19 15:58:09', '2025-10-19 15:58:09'),
	(65, 'ATLAS/ DAMAI', '2025-10-19 15:58:09', '2025-10-19 15:58:09'),
	(66, 'ADA JAYA MULIA PERKASA', '2025-10-19 15:58:09', '2025-10-19 15:58:09'),
	(67, 'JAVA EXPRESS', '2025-10-19 15:58:09', '2025-10-19 15:58:09'),
	(68, 'SINAR MANDIRI EKSPRESS', '2025-10-19 15:58:09', '2025-10-19 15:58:09'),
	(69, 'AJM, PODO HASIL, WASPADIJAYA, SAJIRA', '2025-10-19 15:58:09', '2025-10-19 15:58:09'),
	(70, 'GIRINUSA EXPRESS', '2025-10-19 15:58:09', '2025-10-19 15:58:09'),
	(71, 'ADI BAYU EXPRESS (ABE)', '2025-10-19 15:58:09', '2025-10-19 15:58:09'),
	(72, 'BARAKA', '2025-10-19 15:58:09', '2025-10-19 15:58:09'),
	(73, 'MULYA BAKTI', '2025-10-19 15:58:09', '2025-10-19 15:58:09'),
	(74, 'ANEKA LOGISTIK', '2025-10-19 15:58:09', '2025-10-19 15:58:09'),
	(75, 'MANDIRI TRANS JAYA', '2025-10-19 15:58:09', '2025-10-19 15:58:09'),
	(76, 'LSJ PT. LINTAS SAMUDRA LOGISTIK', '2025-10-19 15:58:09', '2025-10-19 15:58:09'),
	(77, 'BENNY TRANS', '2025-10-19 15:58:09', '2025-10-19 15:58:09'),
	(78, 'LINTAS JAWA ', '2025-10-19 15:58:09', '2025-10-19 15:58:09'),
	(79, 'JAYA EMAS/LTK', '2025-10-19 15:58:09', '2025-10-19 15:58:09'),
	(80, 'MEGA EXPRESS', '2025-10-19 15:58:09', '2025-10-19 15:58:09'),
	(81, 'KRISNA JAYA', '2025-10-19 15:58:09', '2025-10-19 15:58:09'),
	(82, 'AJM, PODO HASIL, WASPADIJAYA', '2025-10-19 15:58:09', '2025-10-19 15:58:09'),
	(83, 'MUTIARA', '2025-10-19 15:58:09', '2025-10-19 15:58:09'),
	(84, 'SUMBER SARI', '2025-10-19 15:58:09', '2025-10-19 15:58:09'),
	(85, 'DINOYO BARU ', '2025-10-19 15:58:09', '2025-10-19 15:58:09'),
	(86, 'KWK', '2025-10-19 15:58:09', '2025-10-19 15:58:09'),
	(87, 'TIMBUL JAYA SEJAHTERA', '2025-10-19 15:58:09', '2025-10-19 15:58:09'),
	(88, 'BARAKA/INDAH CARGO', '2025-10-19 15:58:09', '2025-10-19 15:58:09'),
	(89, 'BINTANG LOMBOK', '2025-10-19 15:58:09', '2025-10-19 15:58:09'),
	(90, 'LOMBOK EXPRES', '2025-10-19 15:58:09', '2025-10-19 15:58:09'),
	(91, 'BAYU ', '2025-10-19 15:58:09', '2025-10-19 15:58:09'),
	(92, 'COKRO', '2025-10-19 15:58:09', '2025-10-19 15:58:09'),
	(93, 'MITRA', '2025-10-19 15:58:09', '2025-10-19 15:58:09'),
	(94, 'DINOYO BARU/WARNA JAYA', '2025-10-19 15:58:09', '2025-10-19 15:58:09'),
	(95, 'SINAR INTAN', '2025-10-19 15:58:09', '2025-10-19 15:58:09'),
	(96, 'TRIO ABADI JAYA DEPO MERATUS (BP.DIKIN 0821.4331.4711', '2025-10-20 18:27:46', '2025-10-20 18:52:06'),
	(97, 'BELUM ADA', '2025-10-20 18:56:21', '2025-10-20 18:56:21');

-- Dumping structure for table distributor.harga_barang
DROP TABLE IF EXISTS `harga_barang`;
CREATE TABLE IF NOT EXISTS `harga_barang` (
  `id` int NOT NULL AUTO_INCREMENT,
  `barang_id` int DEFAULT NULL,
  `harga` int DEFAULT NULL,
  `mulai_berlaku` date NOT NULL,
  PRIMARY KEY (`id`),
  KEY `barang_id` (`barang_id`),
  CONSTRAINT `harga_barang_ibfk_1` FOREIGN KEY (`barang_id`) REFERENCES `barang` (`id`)
) ENGINE=InnoDB AUTO_INCREMENT=7 DEFAULT CHARSET=utf8mb4 COLLATE=utf8mb4_0900_ai_ci;

-- Dumping data for table distributor.harga_barang: ~6 rows (approximately)
INSERT INTO `harga_barang` (`id`, `barang_id`, `harga`, `mulai_berlaku`) VALUES
	(1, 258, 139800, '2025-11-08'),
	(2, 259, 139800, '2025-11-08'),
	(3, 260, 149800, '2025-11-08'),
	(4, 261, 149800, '2025-11-08'),
	(5, 262, 139800, '2025-11-03'),
	(6, 262, 150000, '2025-11-08');

-- Dumping structure for table distributor.jenis_barang
DROP TABLE IF EXISTS `jenis_barang`;
CREATE TABLE IF NOT EXISTS `jenis_barang` (
  `id` int NOT NULL AUTO_INCREMENT,
  `nama` varchar(50) NOT NULL,
  `created_at` datetime DEFAULT CURRENT_TIMESTAMP,
  `updated_at` datetime NOT NULL DEFAULT CURRENT_TIMESTAMP ON UPDATE CURRENT_TIMESTAMP,
  PRIMARY KEY (`id`),
  UNIQUE KEY `nama` (`nama`)
) ENGINE=InnoDB AUTO_INCREMENT=5 DEFAULT CHARSET=utf8mb4 COLLATE=utf8mb4_0900_ai_ci;

-- Dumping data for table distributor.jenis_barang: ~4 rows (approximately)
INSERT INTO `jenis_barang` (`id`, `nama`, `created_at`, `updated_at`) VALUES
	(1, 'Sepatu', '2025-10-19 15:07:41', '2025-10-27 17:26:47'),
	(2, 'Sandal', '2025-10-19 15:07:41', '2025-10-27 17:26:50'),
	(3, 'Kaos kaki', '2025-10-19 15:07:41', '2025-10-27 17:26:56'),
	(4, 'Underwear', '2025-10-19 15:07:41', '2025-10-27 17:26:59');

-- Dumping structure for table distributor.kartu_stok
DROP TABLE IF EXISTS `kartu_stok`;
CREATE TABLE IF NOT EXISTS `kartu_stok` (
  `id` int NOT NULL AUTO_INCREMENT,
  `barang_id` int NOT NULL,
  `size` int NOT NULL,
  `stok` int NOT NULL,
  `created_at` datetime DEFAULT (now()),
  `updated_at` datetime NOT NULL DEFAULT (now()) ON UPDATE CURRENT_TIMESTAMP,
  `deleted_at` datetime DEFAULT NULL,
  PRIMARY KEY (`id`),
  UNIQUE KEY `uniq_kartu_stok` (`barang_id`,`size`) USING BTREE,
  CONSTRAINT `FK_kartu_stok_barang` FOREIGN KEY (`barang_id`) REFERENCES `barang` (`id`) ON UPDATE CASCADE
) ENGINE=InnoDB AUTO_INCREMENT=6 DEFAULT CHARSET=utf8mb4 COLLATE=utf8mb4_0900_ai_ci;

-- Dumping data for table distributor.kartu_stok: ~5 rows (approximately)
INSERT INTO `kartu_stok` (`id`, `barang_id`, `size`, `stok`, `created_at`, `updated_at`, `deleted_at`) VALUES
	(1, 258, 40, 67, '2025-11-15 08:03:53', '2025-11-20 16:51:15', NULL),
	(2, 258, 42, 80, '2025-11-15 08:04:22', '2025-11-20 16:51:15', NULL),
	(3, 258, 43, 25, '2025-11-15 08:04:38', '2025-11-20 16:26:00', NULL),
	(4, 259, 41, 64, '2025-11-15 08:22:44', '2025-11-20 16:51:15', NULL),
	(5, 259, 43, 23, '2025-11-15 08:23:32', '2025-11-20 16:51:15', NULL);

-- Dumping structure for table distributor.kategori_barang
DROP TABLE IF EXISTS `kategori_barang`;
CREATE TABLE IF NOT EXISTS `kategori_barang` (
  `id` int NOT NULL AUTO_INCREMENT,
  `huruf` char(1) CHARACTER SET utf8mb4 COLLATE utf8mb4_0900_ai_ci NOT NULL,
  `nama` varchar(10) CHARACTER SET utf8mb4 COLLATE utf8mb4_0900_ai_ci NOT NULL,
  `created_at` datetime DEFAULT CURRENT_TIMESTAMP,
  `updated_at` datetime NOT NULL DEFAULT CURRENT_TIMESTAMP ON UPDATE CURRENT_TIMESTAMP,
  PRIMARY KEY (`id`) USING BTREE,
  UNIQUE KEY `nama` (`nama`) USING BTREE
) ENGINE=InnoDB AUTO_INCREMENT=4 DEFAULT CHARSET=utf8mb4 COLLATE=utf8mb4_0900_ai_ci;

-- Dumping data for table distributor.kategori_barang: ~3 rows (approximately)
INSERT INTO `kategori_barang` (`id`, `huruf`, `nama`, `created_at`, `updated_at`) VALUES
	(1, 'D', 'Dewasa', '2025-10-19 15:07:51', '2025-10-19 15:07:51'),
	(2, 'A', 'Anak', '2025-10-19 15:07:51', '2025-10-19 15:07:51'),
	(3, 'K', 'Kids', '2025-10-19 15:07:51', '2025-10-19 15:07:51');

-- Dumping structure for table distributor.kategori_toko
DROP TABLE IF EXISTS `kategori_toko`;
CREATE TABLE IF NOT EXISTS `kategori_toko` (
  `id` int NOT NULL AUTO_INCREMENT,
  `nama` varchar(10) CHARACTER SET utf8mb4 COLLATE utf8mb4_0900_ai_ci NOT NULL,
  `created_at` datetime DEFAULT CURRENT_TIMESTAMP,
  `updated_at` datetime NOT NULL DEFAULT CURRENT_TIMESTAMP ON UPDATE CURRENT_TIMESTAMP,
  PRIMARY KEY (`id`) USING BTREE,
  UNIQUE KEY `nama` (`nama`) USING BTREE
) ENGINE=InnoDB AUTO_INCREMENT=5 DEFAULT CHARSET=utf8mb4 COLLATE=utf8mb4_0900_ai_ci;

-- Dumping data for table distributor.kategori_toko: ~4 rows (approximately)
INSERT INTO `kategori_toko` (`id`, `nama`, `created_at`, `updated_at`) VALUES
	(1, 'MSB', '2025-10-19 15:07:57', '2025-10-19 15:07:57'),
	(2, 'ASB', '2025-10-19 15:07:57', '2025-10-19 15:07:57'),
	(3, 'PKP', '2025-10-19 15:07:57', '2025-10-19 15:07:57'),
	(4, 'AMS', '2025-10-19 15:16:54', '2025-10-19 15:16:54');

-- Dumping structure for table distributor.kota
DROP TABLE IF EXISTS `kota`;
CREATE TABLE IF NOT EXISTS `kota` (
  `id` int NOT NULL AUTO_INCREMENT,
  `nama` varchar(50) CHARACTER SET utf8mb4 COLLATE utf8mb4_0900_ai_ci NOT NULL,
  `created_at` datetime DEFAULT CURRENT_TIMESTAMP,
  `updated_at` datetime NOT NULL DEFAULT CURRENT_TIMESTAMP ON UPDATE CURRENT_TIMESTAMP,
  PRIMARY KEY (`id`) USING BTREE,
  UNIQUE KEY `nama` (`nama`) USING BTREE
) ENGINE=InnoDB AUTO_INCREMENT=103 DEFAULT CHARSET=utf8mb4 COLLATE=utf8mb4_0900_ai_ci;

-- Dumping data for table distributor.kota: ~102 rows (approximately)
INSERT INTO `kota` (`id`, `nama`, `created_at`, `updated_at`) VALUES
	(1, 'SURABAYA', '2025-10-19 15:08:04', '2025-10-19 15:08:04'),
	(2, 'PASURUAN', '2025-10-19 15:08:04', '2025-10-19 15:08:04'),
	(3, 'SITUBONDO', '2025-10-19 15:08:04', '2025-10-19 15:08:04'),
	(4, 'NGANJUK', '2025-10-19 15:08:04', '2025-10-19 15:08:04'),
	(5, 'GORONTALO', '2025-10-19 15:08:04', '2025-10-19 15:08:04'),
	(6, 'LOMBOK', '2025-10-19 15:08:04', '2025-10-19 15:08:04'),
	(7, 'TULUNGAGUNG', '2025-10-19 15:08:04', '2025-10-19 15:08:04'),
	(8, 'BLITAR', '2025-10-19 15:08:04', '2025-10-19 15:08:04'),
	(9, 'KEDIRI', '2025-10-19 15:08:04', '2025-10-19 15:08:04'),
	(10, 'MAOSPATI', '2025-10-19 15:08:04', '2025-10-19 15:08:04'),
	(11, 'BANYUWANGI', '2025-10-19 15:08:04', '2025-10-19 15:08:04'),
	(12, 'SEMBORO', '2025-10-19 15:08:04', '2025-10-19 15:08:04'),
	(13, 'LAMONGAN', '2025-10-19 15:08:04', '2025-10-19 15:08:04'),
	(14, 'PONOROGO', '2025-10-19 15:08:04', '2025-10-19 15:08:04'),
	(15, 'JOGOROGO', '2025-10-19 15:08:04', '2025-10-19 15:08:04'),
	(16, 'PASIRIAN', '2025-10-19 15:08:04', '2025-10-19 15:08:04'),
	(17, 'PAMEKASAN', '2025-10-19 15:08:04', '2025-10-19 15:08:04'),
	(18, 'PAGOTAN', '2025-10-19 15:08:04', '2025-10-19 15:08:04'),
	(19, 'BANJARMASIN', '2025-10-19 15:08:04', '2025-10-19 15:08:04'),
	(20, 'PALANGKARAYA', '2025-10-19 15:08:04', '2025-10-19 15:08:04'),
	(21, 'BALIKPAPAN', '2025-10-19 15:08:04', '2025-10-19 15:08:04'),
	(22, 'SAMARINDA', '2025-10-19 15:08:04', '2025-10-19 15:08:04'),
	(23, 'TRENGGALEK', '2025-10-19 15:08:04', '2025-10-19 15:08:04'),
	(24, 'MADIUN', '2025-10-19 15:08:04', '2025-10-19 15:08:04'),
	(25, 'GIANYAR', '2025-10-19 15:08:04', '2025-10-19 15:08:04'),
	(26, 'DENPASAR', '2025-10-19 15:08:04', '2025-10-19 15:08:04'),
	(27, 'PROBOLINGGO', '2025-10-19 15:08:04', '2025-10-19 15:08:04'),
	(28, 'KENDARI', '2025-10-19 15:08:04', '2025-10-19 15:08:04'),
	(29, 'BATU', '2025-10-19 15:08:04', '2025-10-19 15:08:04'),
	(30, 'MAKASSAR', '2025-10-19 15:08:04', '2025-10-19 15:08:04'),
	(31, 'MANADO', '2025-10-19 15:08:04', '2025-10-19 15:08:04'),
	(32, 'SAMPIT', '2025-10-19 15:08:04', '2025-10-19 15:08:04'),
	(33, 'KANDANGAN', '2025-10-19 15:08:04', '2025-10-19 15:08:04'),
	(34, 'AMUNTAI', '2025-10-19 15:08:04', '2025-10-19 15:08:04'),
	(35, 'NGAWI', '2025-10-19 15:08:04', '2025-10-19 15:08:04'),
	(36, 'KRAKSAAN', '2025-10-19 15:08:04', '2025-10-19 15:08:04'),
	(37, 'MOJOKERTO ', '2025-10-19 15:08:04', '2025-10-19 15:08:04'),
	(38, 'PANGKALAN BUN', '2025-10-19 15:08:04', '2025-10-19 15:08:04'),
	(39, 'TUREN', '2025-10-19 15:08:04', '2025-10-19 15:08:04'),
	(40, 'PALU', '2025-10-19 15:08:04', '2025-10-19 15:08:04'),
	(41, 'MOJOSARI', '2025-10-19 15:08:04', '2025-10-19 15:08:04'),
	(42, 'PELAIHARI', '2025-10-19 15:08:04', '2025-10-19 15:08:04'),
	(43, 'ROGO JAMPI', '2025-10-19 15:08:04', '2025-10-19 15:08:04'),
	(44, 'CEPU', '2025-10-19 15:08:04', '2025-10-19 15:08:04'),
	(45, 'KLUNGKUNG', '2025-10-19 15:08:04', '2025-10-19 15:08:04'),
	(46, 'NEGARA', '2025-10-19 15:08:04', '2025-10-19 15:08:04'),
	(47, 'LOMBOK TIMUR', '2025-10-19 15:08:04', '2025-10-19 15:08:04'),
	(48, 'BONDOWOSO', '2025-10-19 15:08:04', '2025-10-19 15:08:04'),
	(49, 'KUPANG', '2025-10-19 15:08:04', '2025-10-19 15:08:04'),
	(50, 'JOMBANG', '2025-10-19 15:08:04', '2025-10-19 15:08:04'),
	(51, 'TUBAN', '2025-10-19 15:08:04', '2025-10-19 15:08:04'),
	(52, 'MARTAPURA', '2025-10-19 15:08:04', '2025-10-19 15:08:04'),
	(53, 'KEPANJEN', '2025-10-19 15:08:04', '2025-10-19 15:08:04'),
	(54, 'DAMPIT', '2025-10-19 15:08:04', '2025-10-19 15:08:04'),
	(55, 'CARUBAN', '2025-10-19 15:08:04', '2025-10-19 15:08:04'),
	(56, 'MAGETAN', '2025-10-19 15:08:04', '2025-10-19 15:08:04'),
	(57, 'JIWAN', '2025-10-19 15:08:04', '2025-10-19 15:08:04'),
	(58, 'BANJARBARU', '2025-10-19 15:08:04', '2025-10-19 15:08:04'),
	(59, 'TALUN', '2025-10-19 15:08:04', '2025-10-19 15:08:04'),
	(60, 'SIDOARJO', '2025-10-19 15:08:04', '2025-10-19 15:08:04'),
	(61, 'JEMBER', '2025-10-19 15:08:04', '2025-10-19 15:08:04'),
	(62, 'BEREMBENG', '2025-10-19 15:08:04', '2025-10-19 15:08:04'),
	(63, 'MELILING', '2025-10-19 15:08:04', '2025-10-19 15:08:04'),
	(64, 'PORONG', '2025-10-19 15:08:04', '2025-10-19 15:08:04'),
	(65, 'GROGOT', '2025-10-19 15:08:04', '2025-10-19 15:08:04'),
	(66, 'BANGKALAN', '2025-10-19 15:08:04', '2025-10-19 15:08:04'),
	(67, 'MALANG', '2025-10-19 15:08:04', '2025-10-19 15:08:04'),
	(68, 'BARABAI', '2025-10-19 15:08:04', '2025-10-19 15:08:04'),
	(69, 'LUMAJANG', '2025-10-19 15:08:04', '2025-10-19 15:08:04'),
	(70, 'BANGLI', '2025-10-19 15:08:04', '2025-10-19 15:08:04'),
	(71, 'GRESIK', '2025-10-19 15:08:04', '2025-10-19 15:08:04'),
	(72, 'SUMENEP', '2025-10-19 15:08:04', '2025-10-19 15:08:04'),
	(73, 'BUNGAH', '2025-10-19 15:08:04', '2025-10-19 15:08:04'),
	(74, 'BOJONEGORO', '2025-10-19 15:08:04', '2025-10-19 15:08:04'),
	(75, 'GONDANGLEGI', '2025-10-19 15:08:04', '2025-10-19 15:08:04'),
	(76, 'WLINGI', '2025-10-19 15:08:04', '2025-10-19 15:08:04'),
	(77, 'TUMPANG', '2025-10-19 15:08:04', '2025-10-19 15:08:04'),
	(78, 'TANGGUL', '2025-10-19 15:08:04', '2025-10-19 15:08:04'),
	(79, 'NGORO', '2025-10-19 15:08:04', '2025-10-19 15:08:04'),
	(80, 'PARE', '2025-10-19 15:08:04', '2025-10-19 15:08:04'),
	(81, 'DRIYOREJO', '2025-10-19 15:08:04', '2025-10-19 15:08:04'),
	(82, 'PANDAAN', '2025-10-19 15:08:04', '2025-10-19 15:08:04'),
	(83, 'KRIAN', '2025-10-19 15:08:04', '2025-10-19 15:08:04'),
	(84, 'PACITAN', '2025-10-19 15:08:04', '2025-10-19 15:08:04'),
	(85, 'PURWOHARJO', '2025-10-19 15:08:04', '2025-10-19 15:08:04'),
	(86, 'BANDUNG (TA)', '2025-10-19 15:08:04', '2025-10-19 15:08:04'),
	(87, 'MOJOKERTO', '2025-10-19 15:08:04', '2025-10-19 15:08:04'),
	(88, '(CAKAR MAS LOMBOK)', '2025-10-19 15:08:04', '2025-10-19 15:08:04'),
	(89, '(SUKSES PRAYA LOMBOK)', '2025-10-19 15:08:04', '2025-10-19 15:08:04'),
	(90, '(BKS LOMBOK)', '2025-10-19 15:08:04', '2025-10-19 15:08:04'),
	(91, '(SUKSES PANCOR LOMBOK)', '2025-10-19 15:08:04', '2025-10-19 15:08:04'),
	(92, '(LARISSO AMBULU)', '2025-10-19 15:08:04', '2025-10-19 15:08:04'),
	(93, '(LARISSO BALUNG)', '2025-10-19 15:08:04', '2025-10-19 15:08:04'),
	(94, '(TIARA GROUP LOMBOK)', '2025-10-19 15:08:04', '2025-10-19 15:08:04'),
	(95, '(PASIFIK BANGKALAN)', '2025-10-19 15:08:04', '2025-10-19 15:08:04'),
	(96, '(ORIENT LOMBOK)', '2025-10-19 15:08:04', '2025-10-19 15:08:04'),
	(97, '(SUN EAST MALL GENTENG)', '2025-10-19 15:08:04', '2025-10-19 15:08:04'),
	(98, '(LARISSO KRATON)', '2025-10-19 15:08:04', '2025-10-19 15:08:04'),
	(99, 'TABANAN', '2025-10-19 15:08:04', '2025-10-19 15:08:04'),
	(100, 'JAJAG', '2025-10-19 15:08:04', '2025-10-19 15:08:04'),
	(101, 'ROGOJAMPI', '2025-10-19 15:08:04', '2025-10-19 15:08:04'),
	(102, 'GENTENG', '2025-10-19 15:08:04', '2025-10-19 15:08:04');

-- Dumping structure for table distributor.merk
DROP TABLE IF EXISTS `merk`;
CREATE TABLE IF NOT EXISTS `merk` (
  `id` int NOT NULL AUTO_INCREMENT,
  `nama` varchar(50) CHARACTER SET utf8mb4 COLLATE utf8mb4_0900_ai_ci NOT NULL,
  `created_at` datetime DEFAULT CURRENT_TIMESTAMP,
  `updated_at` datetime NOT NULL DEFAULT CURRENT_TIMESTAMP ON UPDATE CURRENT_TIMESTAMP,
  PRIMARY KEY (`id`) USING BTREE,
  UNIQUE KEY `nama` (`nama`) USING BTREE
) ENGINE=InnoDB AUTO_INCREMENT=4 DEFAULT CHARSET=utf8mb4 COLLATE=utf8mb4_0900_ai_ci;

-- Dumping data for table distributor.merk: ~3 rows (approximately)
INSERT INTO `merk` (`id`, `nama`, `created_at`, `updated_at`) VALUES
	(1, 'DESLE', '2025-10-19 15:08:11', '2025-10-19 15:08:11'),
	(2, 'CAVALRY', '2025-10-19 15:08:11', '2025-10-19 15:08:11'),
	(3, 'VPAN', '2025-10-19 15:08:11', '2025-10-19 15:08:11');

-- Dumping structure for table distributor.ongkir
DROP TABLE IF EXISTS `ongkir`;
CREATE TABLE IF NOT EXISTS `ongkir` (
  `id` int NOT NULL AUTO_INCREMENT,
  `nama` varchar(10) CHARACTER SET utf8mb4 COLLATE utf8mb4_0900_ai_ci NOT NULL,
  `created_at` datetime DEFAULT (now()),
  `updated_at` datetime NOT NULL DEFAULT (now()) ON UPDATE CURRENT_TIMESTAMP,
  PRIMARY KEY (`id`) USING BTREE,
  UNIQUE KEY `nama` (`nama`) USING BTREE
) ENGINE=InnoDB AUTO_INCREMENT=5 DEFAULT CHARSET=utf8mb4 COLLATE=utf8mb4_0900_ai_ci;

-- Dumping data for table distributor.ongkir: ~4 rows (approximately)
INSERT INTO `ongkir` (`id`, `nama`, `created_at`, `updated_at`) VALUES
	(1, 'MSB', '2025-10-20 16:12:01', '2025-10-20 16:12:01'),
	(2, 'TOKO', '2025-10-20 16:12:20', '2025-10-20 16:12:20'),
	(3, '50/50', '2025-10-20 16:12:25', '2025-10-20 16:12:25'),
	(4, 'KOSONG', '2025-10-20 18:29:07', '2025-10-20 18:29:07');

-- Dumping structure for table distributor.penjualan
DROP TABLE IF EXISTS `penjualan`;
CREATE TABLE IF NOT EXISTS `penjualan` (
  `id` int NOT NULL AUTO_INCREMENT,
  `no_faktur` varchar(50) NOT NULL,
  `tgl_penjualan` date NOT NULL,
  `toko_id` int DEFAULT NULL,
  `total` int DEFAULT NULL,
  `total_netto` int NOT NULL,
  `keterangan` text,
  `created_at` datetime DEFAULT CURRENT_TIMESTAMP,
  `tgl_jatuh_tempo` date NOT NULL,
  PRIMARY KEY (`id`),
  UNIQUE KEY `no_faktur` (`no_faktur`),
  KEY `toko_id` (`toko_id`),
  CONSTRAINT `penjualan_ibfk_1` FOREIGN KEY (`toko_id`) REFERENCES `toko` (`id`)
) ENGINE=InnoDB AUTO_INCREMENT=46 DEFAULT CHARSET=utf8mb4 COLLATE=utf8mb4_0900_ai_ci;

-- Dumping data for table distributor.penjualan: ~30 rows (approximately)
INSERT INTO `penjualan` (`id`, `no_faktur`, `tgl_penjualan`, `toko_id`, `total`, `total_netto`, `keterangan`, `created_at`, `tgl_jatuh_tempo`) VALUES
	(15, 'JS110', '2025-10-11', 22, 1677600, 1195290, '', '2025-11-19 12:38:14', '2025-10-12'),
	(16, 'EXAMPLE', '2025-10-11', 9, 1258200, 849285, '', '2025-11-19 12:39:42', '2025-10-12'),
	(17, 'MSB002', '2025-11-11', 21, 1677600, 1132380, '', '2025-11-19 12:56:33', '2025-11-12'),
	(18, 'RRRR', '2025-11-10', 16, 1258200, 896468, '', '2025-11-19 13:01:54', '2025-11-11'),
	(19, 'ST50', '2025-11-10', 147, 978600, 660555, '', '2025-11-19 13:05:08', '2025-11-11'),
	(20, 'UTS', '2025-11-11', 28, 838800, 597645, '', '2025-11-19 13:08:18', '2025-11-12'),
	(21, 'SP-11', '2015-11-10', 36, 419400, 293580, '', '2025-11-19 13:10:26', '2015-11-11'),
	(22, '10112', '2025-10-11', 10, 1118400, 754920, '', '2025-11-19 13:12:53', '2025-10-11'),
	(23, 'SMC-11', '2025-11-11', 58, 699000, 471825, '', '2025-11-19 13:15:12', '2025-11-12'),
	(24, 'UTC-1928', '2025-10-11', 16, 139800, 99608, '', '2025-11-19 13:18:56', '2025-10-12'),
	(25, 'CEL', '2025-12-10', 38, 699000, 489300, '', '2025-11-19 13:21:27', '2025-12-11'),
	(26, 'JABAR', '2025-11-10', 3, 699000, 447360, '', '2025-11-19 13:26:25', '2025-11-11'),
	(27, 'ETHAN', '2025-10-10', 122, 1398000, 908700, '', '2025-11-19 13:29:50', '2025-10-11'),
	(28, 'MSS', '2025-11-10', 35, 699000, 471825, '', '2025-11-19 13:35:23', '2025-11-11'),
	(29, 'NICOLE', '2025-11-11', 13, 1258200, 849285, '', '2025-11-19 13:54:50', '2025-11-12'),
	(30, 'CLARA', '2025-11-11', 15, 1398000, 996075, '', '2025-11-19 14:14:53', '2025-11-12'),
	(31, 'hhh', '2025-11-11', 5, 1537800, 1095683, '', '2025-11-19 14:17:18', '2025-11-12'),
	(32, 'CAT', '2025-11-11', 22, 1957200, 1394505, '', '2025-11-19 15:01:50', '2025-11-12'),
	(33, 'SSS', '2025-11-11', 11, 559200, 398430, '', '2025-11-19 15:02:56', '2025-11-12'),
	(34, 'JOSAN', '2025-11-11', 2, 838800, 597645, '', '2025-11-20 10:30:16', '2025-11-12'),
	(35, '900', '2025-11-11', 7, 699000, 498038, '', '2025-11-20 10:31:36', '2025-11-12'),
	(36, 'XXX', '2025-11-11', 9, 1118400, 754920, '', '2025-11-20 10:33:18', '2025-11-12'),
	(37, 'YOS', '2025-11-11', 16, 978600, 697253, '', '2025-11-20 10:38:34', '2025-12-11'),
	(39, 'UNYIL', '2025-11-11', 2, 1258200, 896468, '', '2025-11-20 10:52:53', '2025-11-12'),
	(40, 'CONOH', '2025-11-11', 16, 1398000, 996075, '', '2025-11-20 11:04:51', '2025-11-12'),
	(41, 'JT110', '2025-11-10', 56, 1537800, 1095682, '', '2025-11-20 16:26:00', '2025-11-11'),
	(42, 'SJ100', '2024-11-12', 16, 1398000, 996075, '', '2025-11-20 16:34:35', '2025-11-01'),
	(43, 'MLD-100', '2015-11-11', 22, 1398000, 996075, '', '2025-11-20 16:36:43', '2016-11-12'),
	(44, 'SMG11', '2025-11-11', 37, 1537800, 1095682, 'FD', '2025-11-20 16:47:28', '2025-11-12'),
	(45, 'CSV', '2025-10-11', 164, 1398000, 915340, 'FDF', '2025-11-20 16:51:14', '2025-10-12');

-- Dumping structure for table distributor.penjualan_detail
DROP TABLE IF EXISTS `penjualan_detail`;
CREATE TABLE IF NOT EXISTS `penjualan_detail` (
  `id` int NOT NULL AUTO_INCREMENT,
  `penjualan_id` int NOT NULL,
  `barang_id` int NOT NULL,
  `qty` int NOT NULL,
  `size` int NOT NULL,
  `harga` int NOT NULL,
  `subtotal` int GENERATED ALWAYS AS ((`qty` * `harga`)) STORED,
  PRIMARY KEY (`id`),
  KEY `penjualan_id` (`penjualan_id`),
  KEY `barang_id` (`barang_id`),
  CONSTRAINT `penjualan_detail_ibfk_1` FOREIGN KEY (`penjualan_id`) REFERENCES `penjualan` (`id`) ON DELETE CASCADE,
  CONSTRAINT `penjualan_detail_ibfk_2` FOREIGN KEY (`barang_id`) REFERENCES `barang` (`id`)
) ENGINE=InnoDB AUTO_INCREMENT=107 DEFAULT CHARSET=utf8mb4 COLLATE=utf8mb4_0900_ai_ci;

-- Dumping data for table distributor.penjualan_detail: ~80 rows (approximately)
INSERT INTO `penjualan_detail` (`id`, `penjualan_id`, `barang_id`, `qty`, `size`, `harga`) VALUES
	(26, 15, 258, 4, 40, 139800),
	(27, 15, 258, 5, 42, 139800),
	(28, 15, 259, 3, 41, 139800),
	(29, 16, 258, 5, 43, 139800),
	(30, 16, 259, 4, 41, 139800),
	(31, 17, 258, 4, 40, 139800),
	(32, 17, 258, 7, 42, 139800),
	(33, 17, 258, 1, 43, 139800),
	(34, 18, 258, 4, 40, 139800),
	(35, 18, 258, 5, 42, 139800),
	(36, 19, 258, 2, 40, 139800),
	(37, 19, 259, 5, 41, 139800),
	(38, 20, 259, 4, 41, 139800),
	(39, 20, 258, 2, 40, 139800),
	(40, 21, 258, 1, 40, 139800),
	(41, 21, 258, 2, 42, 139800),
	(42, 22, 259, 3, 41, 139800),
	(43, 22, 258, 5, 40, 139800),
	(44, 23, 258, 3, 40, 139800),
	(45, 23, 259, 2, 41, 139800),
	(46, 24, 258, 1, 40, 139800),
	(47, 25, 259, 3, 43, 139800),
	(48, 25, 259, 2, 41, 139800),
	(49, 26, 258, 3, 40, 139800),
	(50, 26, 259, 2, 41, 139800),
	(51, 27, 258, 2, 40, 139800),
	(52, 27, 258, 3, 42, 139800),
	(53, 27, 259, 5, 41, 139800),
	(54, 28, 259, 3, 41, 139800),
	(55, 28, 259, 2, 43, 139800),
	(56, 29, 258, 2, 40, 139800),
	(57, 29, 258, 4, 42, 139800),
	(58, 29, 259, 3, 41, 139800),
	(59, 30, 258, 2, 40, 139800),
	(60, 30, 258, 5, 42, 139800),
	(61, 30, 258, 3, 43, 139800),
	(62, 31, 258, 2, 40, 139800),
	(63, 31, 259, 5, 41, 139800),
	(64, 31, 259, 4, 43, 139800),
	(65, 32, 258, 2, 40, 139800),
	(66, 32, 259, 5, 43, 139800),
	(67, 32, 258, 3, 42, 139800),
	(68, 32, 258, 4, 42, 139800),
	(69, 33, 258, 4, 40, 139800),
	(70, 34, 258, 1, 40, 139800),
	(71, 34, 258, 2, 42, 139800),
	(72, 34, 259, 3, 41, 139800),
	(73, 35, 258, 2, 42, 139800),
	(74, 35, 258, 3, 40, 139800),
	(75, 36, 258, 2, 40, 139800),
	(76, 36, 259, 5, 43, 139800),
	(77, 36, 258, 1, 42, 139800),
	(78, 37, 258, 2, 43, 139800),
	(79, 37, 259, 5, 41, 139800),
	(81, 39, 258, 2, 40, 139800),
	(82, 39, 258, 3, 42, 139800),
	(83, 39, 258, 4, 43, 139800),
	(84, 40, 258, 2, 40, 139800),
	(85, 40, 258, 3, 42, 139800),
	(86, 40, 258, 5, 43, 139800),
	(87, 41, 258, 1, 40, 139800),
	(88, 41, 258, 2, 42, 139800),
	(89, 41, 258, 5, 43, 139800),
	(90, 41, 259, 3, 41, 139800),
	(91, 42, 259, 4, 41, 139800),
	(92, 42, 259, 3, 43, 139800),
	(93, 42, 258, 1, 40, 139800),
	(94, 42, 258, 2, 42, 139800),
	(95, 43, 258, 2, 40, 139800),
	(96, 43, 258, 1, 42, 139800),
	(97, 43, 259, 3, 43, 139800),
	(98, 43, 259, 4, 41, 139800),
	(99, 44, 258, 2, 40, 139800),
	(100, 44, 258, 5, 42, 139800),
	(101, 44, 259, 1, 43, 139800),
	(102, 44, 259, 3, 41, 139800),
	(103, 45, 259, 1, 43, 139800),
	(104, 45, 259, 2, 41, 139800),
	(105, 45, 258, 4, 42, 139800),
	(106, 45, 258, 3, 40, 139800);

-- Dumping structure for table distributor.supplier
DROP TABLE IF EXISTS `supplier`;
CREATE TABLE IF NOT EXISTS `supplier` (
  `id` int NOT NULL AUTO_INCREMENT,
  `nama` varchar(50) CHARACTER SET utf8mb4 COLLATE utf8mb4_0900_ai_ci NOT NULL,
  `alamat` varchar(100) CHARACTER SET utf8mb4 COLLATE utf8mb4_0900_ai_ci NOT NULL,
  `kontak` varchar(15) CHARACTER SET utf8mb4 COLLATE utf8mb4_0900_ai_ci NOT NULL,
  `created_at` datetime DEFAULT CURRENT_TIMESTAMP,
  `updated_at` datetime NOT NULL DEFAULT CURRENT_TIMESTAMP ON UPDATE CURRENT_TIMESTAMP,
  `deleted_at` datetime DEFAULT NULL,
  PRIMARY KEY (`id`) USING BTREE,
  UNIQUE KEY `nama` (`nama`)
) ENGINE=InnoDB AUTO_INCREMENT=15 DEFAULT CHARSET=utf8mb4 COLLATE=utf8mb4_0900_ai_ci;

-- Dumping data for table distributor.supplier: ~14 rows (approximately)
INSERT INTO `supplier` (`id`, `nama`, `alamat`, `kontak`, `created_at`, `updated_at`, `deleted_at`) VALUES
	(1, 'INTAN SATU', 'JL. WARINGIN NO. 77A SAMBILEGI BARU LOR MAGUWOHARJO, DEPOK, SLEMAN, YOGYAKARTA 55282', '0274  488687', '2025-10-19 15:05:17', '2025-10-19 15:05:17', NULL),
	(2, 'YOGA UTAMA ', 'JL. MELONG ASIH NO. 52, MELONG ASIH REGENCY KAV. A. 38 CIJERAH, BANDUNG KULON, JAWA BARAT', '022 86067603', '2025-10-19 15:05:17', '2025-10-19 15:05:17', NULL),
	(3, 'CV KARYA MAJU MAKMUR', 'JL. MADUSENO NO. 17 A, KLURAK CANDI, SIDOARJO, JAWA TIMUR', '081259484509', '2025-10-19 15:05:17', '2025-10-19 15:05:17', NULL),
	(4, 'PT MEKAR ABADI SENTOSA', 'JL. GATOT SUBROTO NO. 35 JOMBANG, JAWA TIMUR', '031 855861', '2025-10-19 15:05:17', '2025-10-19 15:05:17', NULL),
	(5, 'PT WANGTA AGUNG', 'JL. TANJUNG SARI 40 C SURABAYA', '031 7492549', '2025-10-19 15:05:17', '2025-10-19 15:05:17', NULL),
	(6, 'PT SINDE PANJAYA INDONESIA', 'JL. BUMBUNGAN NO.178, KEL. SUMBER SUKO, GEMPOL, PASURUAN, JAWA TIMUR', '089646468978', '2025-10-19 15:05:17', '2025-10-19 15:05:17', NULL),
	(7, 'PT BERKAT GANDA SENTOSA', 'JL. GUNUNG GANGSIR DS. RANDUPITU. KEC. GEMPOL, PASURUAN, JAWA TIMUR', '0343 631624', '2025-10-19 15:05:17', '2025-10-19 15:05:17', NULL),
	(8, 'PT EVA AGUNG JADI EMAS', 'JL. RAYA KARANGANDONG NO. 448, DSN. BANJARSARI, DRIYOREJO, GRESIK, JAWA TIMUR ', '031 7507370', '2025-10-19 15:05:17', '2025-10-19 15:05:17', NULL),
	(9, 'CV ALKA MULTI TRADING', 'JL. WARINGIN NO. 77A SAMBILEGI BARU LOR MAGUWOHARJO, DEPOK, SLEMAN, YOGYAKARTA 55282', '0274  488687', '2025-10-19 15:05:17', '2025-10-19 15:05:17', NULL),
	(10, 'PT TIRTA DAYA ADI PERKASA', 'JL. RAYA KEBONSARI, DESA LEGOK, GEMPOL, PASURUAN, JAWA TIMUR ', '0343 851847', '2025-10-19 15:05:17', '2025-10-19 15:05:17', NULL),
	(11, 'Makmur Jaya', 'Jl. Baranang Siang 13', '081154120648', '2025-10-19 19:11:23', '2025-10-19 19:11:23', NULL),
	(12, 'Bintang Asia', 'Jl. Pungkur No. 20', '022-41574412', '2025-10-20 07:06:44', '2025-10-20 07:06:44', NULL),
	(13, 'CV Sepatu Bagus', 'Jl. Sudirman 241', '022 5142134', '2025-10-23 18:52:56', '2025-10-24 19:05:14', NULL),
	(14, 'Karyono', 'Jl. Mekar Jaya 110', '512541114', '2025-10-23 19:01:33', '2025-10-23 19:16:53', '2025-10-23 19:16:53');

-- Dumping structure for table distributor.toko
DROP TABLE IF EXISTS `toko`;
CREATE TABLE IF NOT EXISTS `toko` (
  `id` int NOT NULL AUTO_INCREMENT,
  `kode` varchar(10) CHARACTER SET utf8mb4 COLLATE utf8mb4_0900_ai_ci NOT NULL,
  `nama` varchar(50) CHARACTER SET utf8mb4 COLLATE utf8mb4_0900_ai_ci NOT NULL,
  `kategori_toko_id` int DEFAULT NULL,
  `kota_id` int NOT NULL,
  `alamat` varchar(100) CHARACTER SET utf8mb4 COLLATE utf8mb4_0900_ai_ci DEFAULT NULL,
  `disc_1` decimal(5,2) DEFAULT '0.00',
  `disc_2` decimal(5,2) DEFAULT '0.00',
  `disc_3` decimal(5,2) DEFAULT '0.00',
  `ekspedisi_id` int DEFAULT NULL,
  `ongkir_id` int DEFAULT NULL,
  `created_at` datetime DEFAULT CURRENT_TIMESTAMP,
  `updated_at` datetime NOT NULL DEFAULT CURRENT_TIMESTAMP ON UPDATE CURRENT_TIMESTAMP,
  PRIMARY KEY (`id`) USING BTREE,
  KEY `FK_toko_kota` (`kota_id`),
  KEY `FK_toko_kategori_toko` (`kategori_toko_id`),
  KEY `FK_toko_ekspedisi` (`ekspedisi_id`),
  KEY `FK_toko_ongkir` (`ongkir_id`),
  CONSTRAINT `FK_toko_ekspedisi` FOREIGN KEY (`ekspedisi_id`) REFERENCES `ekspedisi` (`id`) ON DELETE RESTRICT ON UPDATE CASCADE,
  CONSTRAINT `FK_toko_kategori_toko` FOREIGN KEY (`kategori_toko_id`) REFERENCES `kategori_toko` (`id`) ON DELETE RESTRICT ON UPDATE CASCADE,
  CONSTRAINT `FK_toko_kota` FOREIGN KEY (`kota_id`) REFERENCES `kota` (`id`) ON DELETE RESTRICT ON UPDATE CASCADE,
  CONSTRAINT `FK_toko_ongkir` FOREIGN KEY (`ongkir_id`) REFERENCES `ongkir` (`id`) ON DELETE RESTRICT ON UPDATE CASCADE
) ENGINE=InnoDB AUTO_INCREMENT=179 DEFAULT CHARSET=utf8mb4 COLLATE=utf8mb4_0900_ai_ci;

-- Dumping data for table distributor.toko: ~177 rows (approximately)
INSERT INTO `toko` (`id`, `kode`, `nama`, `kategori_toko_id`, `kota_id`, `alamat`, `disc_1`, `disc_2`, `disc_3`, `ekspedisi_id`, `ongkir_id`, `created_at`, `updated_at`) VALUES
	(1, 'JT46-A1', 'AGRIS SPORT', 1, 66, 'JL. KH Zainal Alim No. 31. Kemayoran.', 0.30, 0.00, 0.00, 97, 1, '2025-10-20 19:07:13', '2025-10-30 18:45:37'),
	(2, 'JT28-A2', 'ANEKA COLLECTION', 1, 44, 'Jl. Sorogo No.6 ', 0.25, 0.05, 0.00, 72, 1, '2025-10-20 19:07:13', '2025-10-20 19:07:13'),
	(3, 'SS1-A1', 'ANEKA GROSIR', 1, 30, 'Jl. Ir. Sutami No. 24', 0.36, 0.00, 0.00, 97, 2, '2025-10-20 19:07:13', '2025-10-20 19:07:13'),
	(4, 'JT33-A2', 'ANEKA SPORT', 1, 67, 'Jl. Kalpataru No.115. Lawok Waru.', 0.30, 0.00, 0.00, 97, 1, '2025-10-20 19:07:13', '2025-10-30 18:45:49'),
	(5, 'JT45-A1', 'BANDUNG MODE', 1, 18, 'Jl. Raya Pagotan-Dagangan', 0.25, 0.05, 0.00, 97, 1, '2025-10-20 19:07:13', '2025-10-20 19:07:13'),
	(6, 'JT24-A3', 'BARA-BARA SPORT', 1, 29, 'Jl. Brantas No. 69. Sisir.', 0.30, 0.00, 0.00, 97, 1, '2025-10-20 19:07:13', '2025-10-30 18:46:09'),
	(7, 'LB5-A2', 'BARATA SPORT', 1, 46, 'Jl. Ngurah Rai 38 Negara. Bali', 0.25, 0.05, 0.00, 45, 1, '2025-10-20 19:07:13', '2025-10-20 19:07:13'),
	(8, 'JT10-A4', 'BEJO SPORT', 1, 9, 'Jl. Dusun. RT 03/ RW 04. Ds. Sumber Wangi. Jabang. Kec. Kras.', 0.25, 0.05, 0.00, 57, 1, '2025-10-20 19:07:13', '2025-10-30 18:46:16'),
	(9, 'KS1-A3', 'BERKAT USAHA', 1, 19, 'Jl. Pangeran Samudera No. 12', 0.25, 0.10, 0.00, 59, 2, '2025-10-20 19:07:13', '2025-10-30 18:46:21'),
	(10, 'ST1-A1', 'BIBI & BABA', 1, 40, 'Jl. Gajah Mada No.38', 0.25, 0.10, 0.00, 22, 2, '2025-10-20 19:07:13', '2025-10-30 18:46:28'),
	(11, 'JT42-A1', 'BINTANG MAS', 1, 36, 'Jl. Panglima Sudirman No.156.', 0.25, 0.05, 0.00, 33, 1, '2025-10-20 19:07:13', '2025-10-30 18:46:34'),
	(12, 'JT13-A3', 'BINTANG UTAMA I', 1, 11, 'Jl. Kalipait. Kaliwungu. Kedungwungu.', 0.25, 0.05, 0.00, 68, 1, '2025-10-20 19:07:13', '2025-10-30 18:46:45'),
	(13, 'SS1-A6', 'BN SPORT', 1, 30, 'JL. Somba Opu No. 183', 0.25, 0.10, 0.00, 25, 2, '2025-10-20 19:07:13', '2025-10-20 19:07:13'),
	(14, 'JT12-A3', 'BORNEO', 1, 27, 'Jl. dr. Soetomo No. 124', 0.25, 0.05, 0.00, 48, 1, '2025-10-20 19:07:13', '2025-10-20 19:07:13'),
	(15, 'JT1-A3', 'BRAWIJAYA SPORT', 1, 1, 'Jl. Kesatrian Samping No.1 Wonokromo', 0.25, 0.05, 0.00, 4, 1, '2025-10-20 19:07:13', '2025-10-20 19:07:13'),
	(16, 'KS1-A6', 'CAHAYA BARU', 1, 19, 'JL. A. Yani KM 7200 JL. Mahligai NO. 10 RT.5/RW.2.', 0.25, 0.05, 0.00, 97, 1, '2025-10-20 19:07:13', '2025-10-30 18:47:00'),
	(17, 'JT9-A2', 'CASABLANCA', 1, 8, 'Jl. Mastrip No.66. Kepanjen Kidul', 0.30, 0.00, 0.00, 6, 1, '2025-10-20 19:07:13', '2025-10-20 19:07:13'),
	(18, 'JT9-A1', 'CASANOVA', 1, 8, 'Jl. Mastrip No.58 Kepanjen Kidul', 0.30, 0.00, 0.00, 6, 1, '2025-10-20 19:07:13', '2025-10-20 19:07:13'),
	(19, 'KS5-A3', 'CENTRAL JAYA', 1, 58, 'JL. A Yani km 34 Banjarbaru', 0.30, 0.00, 0.00, 73, 1, '2025-10-20 19:07:13', '2025-10-20 19:07:13'),
	(20, 'SR1-A6', 'CENTRAL SPORT', 1, 28, 'Jl. Syech Yusuf No.19-20. Korumba. Mandonga.', 0.30, 0.00, 0.00, 97, 2, '2025-10-20 19:07:13', '2025-10-30 18:47:08'),
	(21, 'LB2-A1', 'CIBADUYUT', 1, 25, 'Jl. Kesatrian No. 17', 0.25, 0.10, 0.00, 19, 1, '2025-10-20 19:07:13', '2025-10-20 19:07:13'),
	(22, 'JT1-A6', 'CV. HANJAYA (PASHOO)', 1, 1, 'Jl. Dukuh Kupang Barat BX No. AX 12.', 0.25, 0.05, 0.00, 97, 1, '2025-10-20 19:07:13', '2025-10-30 18:47:40'),
	(23, 'LB7-A1', 'D\'AMBASSADOR SPORT', 1, 70, 'Jl. Patih Jelantik Gg 3 No. 4. Br. Bebalang. Bangli. Bali', 0.30, 0.00, 0.00, 97, 1, '2025-10-20 19:07:13', '2025-10-20 19:07:13'),
	(24, 'LB6-A1', 'DAYU COLLECTION', 1, 62, 'Jl. Raya Denpasar-Gilimanuk. Berembeng. Tabanan. Bali', 0.30, 0.00, 0.00, 44, 1, '2025-10-20 19:07:13', '2025-10-20 19:07:13'),
	(25, 'LB6-A2', 'DAYU COLLECTION', 1, 63, 'Jl. Raya Denpasar-Gilimanuk. Berembeng. Tabanan. Bali', 0.30, 0.00, 0.00, 44, 1, '2025-10-20 19:07:13', '2025-10-20 19:07:13'),
	(26, 'JT9-A5', 'DIVA STORE', 1, 8, 'JL. Raya Trisula. Krajan Lorejo.', 0.25, 0.05, 0.00, 6, 2, '2025-10-20 19:07:13', '2025-10-30 18:47:46'),
	(27, 'SR1-A7', 'DJ SPORT', 1, 28, 'Jl. Wulele. Bonggoeya. Kec. Wua-Wua.', 0.25, 0.10, 0.00, 76, 2, '2025-10-20 19:07:13', '2025-10-30 18:47:47'),
	(28, 'SS1-A4', 'DM SHOES', 1, 30, 'Jl. Gunung Lompo Battang', 0.25, 0.05, 0.00, 51, 1, '2025-10-20 19:07:13', '2025-10-30 18:47:57'),
	(29, 'JT5-A2', 'DMC SPORT ', 1, 37, 'Jl. RA. Basuni Utara Perempatan Sooko', 0.25, 0.05, 0.00, 50, 1, '2025-10-20 19:07:13', '2025-10-20 19:07:13'),
	(30, 'KH3-A2', 'DUA PUTRA', 1, 38, 'Jl. Belimbing Manis No.26.', 0.25, 0.05, 0.00, 37, 1, '2025-10-20 19:07:13', '2025-10-30 18:48:04'),
	(31, 'GR1-A2', 'DUNIA SEPATU', 1, 5, 'Jl. Ahmad Yani No. 58 ', 0.35, 0.00, 0.00, 28, 2, '2025-10-20 19:07:13', '2025-10-20 19:07:13'),
	(32, 'SR1-A5', 'DUNIA SEPATU', 1, 28, 'Jl. Saranani No. 35', 0.25, 0.05, 0.00, 97, 1, '2025-10-20 19:07:13', '2025-10-20 19:07:13'),
	(33, 'SS1-A8', 'DUNIA SEPATU', 1, 30, 'Jl. Cendrawasih No. 33', 0.25, 0.05, 0.00, 25, 2, '2025-10-20 19:07:13', '2025-10-20 19:07:13'),
	(34, 'KH3-A4', 'DUTA MODE', 1, 38, 'Jl. Udan Said No.7-8', 0.25, 0.10, 0.00, 47, 2, '2025-10-20 19:07:13', '2025-10-30 18:48:16'),
	(35, 'ST1-A4', 'DUTA SEPATU', 1, 40, 'Jl. Sultan Hasanudin II Komplek Pertokoan', 0.25, 0.10, 0.00, 22, 2, '2025-10-20 19:07:13', '2025-10-20 19:07:13'),
	(36, 'KT2-A1', 'ERA BARU', 1, 22, 'Jl. Niaga Utara No. 47 D', 0.30, 0.00, 0.00, 17, 4, '2025-10-20 19:07:13', '2025-10-20 19:07:13'),
	(37, 'JT10-A2', 'ERA JAYA', 1, 9, 'Jl. Teuku Umar No. 14 Ngadirejo', 0.25, 0.05, 0.00, 7, 1, '2025-10-20 19:07:13', '2025-10-20 19:07:13'),
	(38, 'JT10-A4', 'FAIRPLAYS SPORT', 1, 9, 'Jl. Diponegoro RT 4/RW 3. Templek. Gadungan. Kec. Puncu.', 0.30, 0.00, 0.00, 97, 1, '2025-10-20 19:07:13', '2025-10-30 18:48:38'),
	(39, 'JT1-A1', 'FRENDY HANDOKO', 1, 1, 'Perum Puri Sentra Raya', 0.25, 0.00, 0.00, 97, 4, '2025-10-20 19:07:13', '2025-10-20 19:07:13'),
	(40, 'KT1-A6', 'GALAXY SPORT', 1, 21, 'JL. Adil Makmur RT.23/RW No.35 Baruilir. Kec. Balikpapan Barat', 0.25, 0.10, 0.00, 75, 2, '2025-10-20 19:07:13', '2025-10-20 19:07:13'),
	(41, 'LB3-A5', 'GANA SPORT', 1, 26, 'J. Hasanuddin No. 10. Dauh Puri Kangin. Denpasar', 0.25, 0.05, 0.00, 97, 1, '2025-10-20 19:07:13', '2025-10-20 19:07:13'),
	(42, 'JT14-A1', 'GIRAN SALMA', 1, 12, 'Jl. Kamardikan No. 27 Sidomekar ', 0.25, 0.00, 0.00, 10, 1, '2025-10-20 19:07:13', '2025-10-20 19:07:13'),
	(43, 'SU1-A4', 'GM BOULEVARD', 1, 31, 'Jl. Boulevard Komp. Mega Mas Blok 1 A No. 10-11', 0.25, 0.10, 0.05, 27, 3, '2025-10-20 19:07:13', '2025-10-20 19:07:13'),
	(44, 'LB3-A3', 'GOVINDA SPORT', 1, 26, 'Jl. Hasanudin Timur No. 2 Denpasar ', 0.25, 0.05, 0.00, 45, 1, '2025-10-20 19:07:13', '2025-10-20 19:07:13'),
	(45, 'JT32-A1', 'GRAHA SELVYA', 1, 69, 'Jl. KH Wahid Hasyim No. 73. Jatiroto.', 0.25, 0.05, 0.00, 79, 1, '2025-10-20 19:07:13', '2025-10-30 18:48:47'),
	(46, 'SS1-A7', 'GRAND TOSERBA', 1, 30, '', 0.36, 0.00, 0.00, 25, 2, '2025-10-20 19:07:13', '2025-10-20 19:07:13'),
	(47, 'JT6-A1', 'GRAND TOSERBA', 1, 60, 'Jl. Raya Lebo. Kec. Sidoarjo. Jawa Timur', 0.25, 0.10, 0.00, 97, 1, '2025-10-20 19:07:13', '2025-10-20 19:07:13'),
	(48, 'KT1-A7', 'GRAND TOSERBA', 1, 21, 'Jl. Soekarno Hatta KM 7.5 No. 200. Batu Ampar.', 0.36, 0.00, 0.00, 16, 2, '2025-10-20 19:07:13', '2025-10-30 18:48:56'),
	(49, 'ST1-A2', 'GUNUNG MAS', 1, 40, 'Jl. Sultan Hasanudin 2 No. 32', 0.25, 0.10, 0.00, 22, 2, '2025-10-20 19:07:13', '2025-10-20 19:07:13'),
	(50, 'JT16-A2', 'HANAFI SPORT', 1, 13, 'Jl. Kyai H. Hasyim Ashari Pasar Tingkat', 0.30, 0.00, 0.00, 11, 1, '2025-10-20 19:07:13', '2025-10-20 19:07:13'),
	(51, 'JT44-A1', 'HANS SPORT', 1, 61, 'Jl. Nusa Indah Ruko A. Patrang.', 0.25, 0.05, 0.00, 97, 1, '2025-10-20 19:07:13', '2025-10-30 18:49:23'),
	(52, 'LB3-A1', 'HAPPY BAGS & SHOES', 1, 26, 'Jl. Diponegoro No. 98', 0.30, 0.00, 0.00, 19, 1, '2025-10-20 19:07:13', '2025-10-20 19:07:13'),
	(53, 'JT31-A1', 'HOKKY SHOES', 1, 41, 'Jl. Brawijaya 122. Mojosari', 0.25, 0.05, 0.00, 36, 1, '2025-10-20 19:07:13', '2025-10-20 19:07:13'),
	(54, 'SR1-A4', 'IKARIA SPORT', 1, 28, 'Jl. M.T. Haryono No. 194 Bende. Kadia ', 0.25, 0.05, 0.00, 96, 1, '2025-10-20 19:07:13', '2025-10-20 19:07:13'),
	(55, 'KS5-A4', 'INAYAH SPORT', 1, 52, 'Jl. Ahmad Yani No.6. KM 39 Cindai Alus.', 0.25, 0.10, 0.00, 78, 2, '2025-10-20 19:07:13', '2025-10-30 18:49:35'),
	(56, 'JT13-A1', 'INTI MAKMUR', 1, 11, 'Utara Gladak Mayit', 0.25, 0.05, 0.00, 9, 1, '2025-10-20 19:07:14', '2025-10-20 19:07:14'),
	(57, 'NT1-A1', 'ISTANA MODE SHOES', 1, 49, 'Jl. Sudirman 18 B', 0.30, 0.05, 0.00, 54, 2, '2025-10-20 19:07:14', '2025-10-20 19:07:14'),
	(58, 'SU1-A3', 'ITALY SHOES', 1, 31, 'Jl. Piere Tendean Blok 1 C No. 14 ', 0.25, 0.10, 0.00, 35, 2, '2025-10-20 19:07:14', '2025-10-20 19:07:14'),
	(59, 'SU1-A5', 'JAYAKARTA', 1, 31, 'Jl. Walanda Maramis No. 32. Kel. Pinaesaan', 0.25, 0.10, 0.00, 39, 2, '2025-10-20 19:07:14', '2025-10-20 19:07:14'),
	(60, 'JT23-A1', 'JO NYEKER', 1, 24, 'Jl. Salak No. 68D. Taman Kota. Madiun. Jatim', 0.25, 0.05, 0.00, 97, 1, '2025-10-20 19:07:14', '2025-10-20 19:07:14'),
	(61, 'KT1-A3', 'JONSON', 1, 21, 'JL. A. YANI NO. 17', 0.25, 0.10, 0.00, 32, 2, '2025-10-20 19:07:14', '2025-10-20 19:07:14'),
	(62, 'JT40-A1', 'KANADA', 1, 51, 'Jl. Pemuda No. 28 A.', 0.30, 0.00, 0.00, 57, 1, '2025-10-20 19:07:14', '2025-10-30 18:49:45'),
	(63, 'JT4-A1', 'KARUNIA COLLECTION', 1, 4, 'JL. Veteran No. 58 E', 0.25, 0.10, 0.00, 97, 1, '2025-10-20 19:07:14', '2025-10-20 19:07:14'),
	(64, 'JT48-A1', 'KARYA ABADI SPORT', 1, 71, 'Perumahan Jade Hamlet Ivory 3 blok C37 Hulaan. Menganti.', 0.25, 0.05, 0.00, 97, 1, '2025-10-20 19:07:14', '2025-10-30 18:49:52'),
	(65, 'JT1-A5', 'KO BENNY', 1, 1, 'Jl. Tanjungsari No. 5.', 0.30, 0.00, 0.00, 97, 1, '2025-10-20 19:07:14', '2025-10-30 18:50:03'),
	(66, 'SS1-A2', 'KO CING - CING', 1, 30, 'Pergudangan Bontoa Indah (tol) B 15', 0.25, 0.10, 0.05, 25, 2, '2025-10-20 19:07:14', '2025-10-20 19:07:14'),
	(67, 'KT2-A2', 'MAHKOTA SEPATU', 1, 22, 'Pertokoan Citra Niaga Blok G No. 14 ', 0.25, 0.05, 0.00, 20, 1, '2025-10-20 19:07:14', '2025-10-20 19:07:14'),
	(68, 'JT5-A3', 'MAJU JAYA', 1, 37, 'JL. Raya Pohjejer Gondang. Mojokerto ', 0.25, 0.05, 0.00, 69, 1, '2025-10-20 19:07:14', '2025-10-20 19:07:14'),
	(69, 'JT9-A4', 'MANDIRI SANDAL', 1, 8, 'JL. Bendo Bendo. RT.6/RW.3. Duren. Kandangan. Kec. Ponggok.', 0.25, 0.10, 0.00, 97, 1, '2025-10-20 19:07:14', '2025-10-30 18:44:28'),
	(70, 'JT27-A1', 'MATAHARI', 1, 35, 'Jl. Sultan Agung 70', 0.25, 0.05, 0.00, 8, 1, '2025-10-20 19:07:14', '2025-10-20 19:07:14'),
	(71, 'JT17-A1', 'MATAHARI JAYA', 1, 14, 'Jl. Jenderal Sudirman No.112 Krajan. Kepatihan', 0.25, 0.05, 0.00, 8, 1, '2025-10-20 19:07:14', '2025-10-20 19:07:14'),
	(72, 'JT17-A2', 'MATAHARI MAS', 1, 14, 'Jl. Jendral Sudirman 104.', 0.25, 0.05, 0.00, 8, 1, '2025-10-20 19:07:14', '2025-10-30 18:50:17'),
	(73, 'KS1-A2', 'MERAK / RIYADH', 1, 19, 'Jl.  Simpang Sudimampir 1 No. 63', 0.25, 0.05, 0.00, 14, 1, '2025-10-20 19:07:14', '2025-10-20 19:07:14'),
	(74, 'KS1-A1', 'MERAK MAS BARU', 1, 19, 'Jl.  Simpang Sudimampir 1 No. 48', 0.25, 0.05, 0.00, 14, 1, '2025-10-20 19:07:14', '2025-10-20 19:07:14'),
	(75, 'KS1-A5', 'MERAK MAS SPORT', 1, 19, 'Jl. Skip lama no 28. Banjarmasin Tengah', 0.25, 0.05, 0.00, 14, 1, '2025-10-20 19:07:14', '2025-10-20 19:07:14'),
	(76, 'JT44-A1', 'MIRA FASHION', 1, 59, 'Jl. Nusa Indah. RT1/RW6.Jari. Bajang. Kec. Talun. Blitar', 0.25, 0.05, 0.00, 6, 4, '2025-10-20 19:07:14', '2025-10-20 19:07:14'),
	(77, 'SU1-A2', 'MITRA JAYA CEMERLANG', 1, 31, 'Jl. Boulevard komp. Marina Plaza Ruko Mwalk RA 3-RA 5', 0.25, 0.10, 0.05, 27, 3, '2025-10-20 19:07:14', '2025-10-20 19:07:14'),
	(78, 'KT3-A1', 'MITRA KITA', 1, 65, 'JL. Mayjend Sutoyo RT037. No. 18', 0.25, 0.10, 0.00, 74, 2, '2025-10-20 19:07:14', '2025-10-20 19:07:14'),
	(79, 'JT1-A7', 'MITRA SPORT', 1, 1, 'Jl. Peneleh No. 138. Peneleh. Kec. Genteng.', 0.30, 0.00, 0.00, 97, 1, '2025-10-20 19:07:14', '2025-10-30 18:50:35'),
	(80, 'JT8-A1', 'MORODADI', 1, 7, 'Jl. M. H. Thamrin No. 22', 0.25, 0.10, 0.00, 5, 1, '2025-10-20 19:07:14', '2025-10-20 19:07:14'),
	(81, 'JT16-A1', 'MUDA-MUDI', 1, 13, 'Pasar Baru Lamongan', 0.25, 0.05, 0.00, 11, 1, '2025-10-20 19:07:14', '2025-10-20 19:07:14'),
	(82, 'KS6-A1', 'MURAKATA SPORT', 1, 68, 'Jl. Barabai. Kab. Hulu Sungai Tengah. Kalsel', 0.30, 0.00, 0.00, 73, 1, '2025-10-20 19:07:14', '2025-10-20 19:07:14'),
	(83, 'KH1-A1', 'NEW ANDA', 1, 20, 'Jl. Tjilik Riwut KM. 1 No. 11', 0.25, 0.10, 0.00, 14, 2, '2025-10-20 19:07:14', '2025-10-20 19:07:14'),
	(84, 'JT37-A1', 'NIAS I', 1, 50, 'Jl. A Yani Komplek Ruko Citra Niaga A2 (Pasar Legi)', 0.25, 0.05, 0.00, 55, 1, '2025-10-20 19:07:14', '2025-10-20 19:07:14'),
	(85, 'JT24-A2', 'NICHO (0667)', 1, 29, 'Jl. Gajah Mada No. 97', 0.25, 0.05, 0.00, 23, 1, '2025-10-20 19:07:14', '2025-10-20 19:07:14'),
	(86, 'KH3-A1', 'NIETTY SHOES / BOY ISKANDAR', 1, 38, 'Jl. Pangeran Antasari No. 134', 0.25, 0.05, 0.00, 28, 2, '2025-10-20 19:07:14', '2025-10-20 19:07:14'),
	(87, 'JT4-A4', 'NIGAMAS', 1, 4, 'Jl. Ahmad Yani No. 43. Payaman.', 0.25, 0.05, 0.00, 97, 1, '2025-10-20 19:07:14', '2025-10-30 18:50:49'),
	(88, 'JT1-A2', 'PALAPA', 1, 1, 'Jl. Bratang Jaya No.96a. Baratajaya', 0.25, 0.05, 0.00, 4, 1, '2025-10-20 19:07:14', '2025-10-20 19:07:14'),
	(89, 'JT19-A1', 'PANDOWO', 1, 64, 'Jl. Raya Porong No.54. Mindi', 0.25, 0.10, 0.00, 71, 1, '2025-10-20 19:07:14', '2025-10-20 19:07:14'),
	(90, 'JT40-A1', 'PARIS BARU', 1, 55, 'Jl. Agus Salim No. 56.', 0.25, 0.05, 0.00, 8, 1, '2025-10-20 19:07:14', '2025-10-30 18:50:58'),
	(91, 'LB4-A1', 'PERMAI INDAH', 1, 45, 'Jl. Diponegoro No. 18', 0.25, 0.10, 0.00, 44, 1, '2025-10-20 19:07:14', '2025-10-20 19:07:14'),
	(92, 'LB2-A2', 'PERMAI INDAH', 1, 25, 'Jl. Ngurah Rai 33 A', 0.25, 0.10, 0.00, 44, 1, '2025-10-20 19:07:14', '2025-10-20 19:07:14'),
	(93, 'KT1-A1', 'PESONA', 1, 21, 'Jl. Jenderal Sudirman No. 11', 0.25, 0.05, 0.00, 15, 1, '2025-10-20 19:07:14', '2025-10-20 19:07:14'),
	(94, 'JT24-A1', 'PLAZA BATU ', 1, 29, 'Jl. Gajah Mada No. 1', 0.25, 0.05, 0.00, 23, 1, '2025-10-20 19:07:14', '2025-10-20 19:07:14'),
	(95, 'KH3-A5', 'PODO MORO', 1, 38, 'Jl. Berunai No. 2 Pasar Baru.', 0.25, 0.10, 0.00, 70, 1, '2025-10-20 19:07:14', '2025-10-30 18:51:12'),
	(96, 'LB1-A3', 'PRAYA SPORT', 1, 6, '', 0.25, 0.05, 0.03, 49, 4, '2025-10-20 19:07:14', '2025-10-20 19:07:14'),
	(97, 'JT8-A2', 'PRETTY', 1, 7, 'Jl. Jaksa Agung Suprapto No.29. Kampungdalem', 0.25, 0.05, 0.00, 1, 1, '2025-10-20 19:07:14', '2025-10-20 19:07:14'),
	(98, 'KT1-A2', 'PRIMADONA', 1, 21, 'Jl. Jenderal Sudirman No. 314', 0.25, 0.05, 0.00, 16, 1, '2025-10-20 19:07:14', '2025-10-20 19:07:14'),
	(99, 'KH2-A3', 'PUSAKA ILMU', 1, 32, 'JL. Iskandar No. 1. Kota Waringin Timur.', 0.30, 0.00, 0.00, 67, 3, '2025-10-20 19:07:14', '2025-10-30 18:51:24'),
	(100, 'JT4-A3', 'RESTU SPORT', 1, 4, 'Jl. Yos Sudarso No. 15 D', 0.25, 0.05, 0.00, 53, 1, '2025-10-20 19:07:14', '2025-10-20 19:07:14'),
	(101, 'JT17-A3', 'ROSTIFA FASHION', 1, 14, 'Jl. Raya Ngumpul Balong', 0.25, 0.05, 0.00, 8, 1, '2025-10-20 19:07:14', '2025-10-20 19:07:14'),
	(102, 'SR1-A3', 'SARANG SEPATU', 1, 28, 'Jl. Lasandara No.16 E', 0.25, 0.10, 0.00, 41, 2, '2025-10-20 19:07:14', '2025-10-20 19:07:14'),
	(103, 'JT33-A1', 'SHANKARA OUTDOOR', 1, 67, 'Jl. MT Haryono No.180 RT 3/RW 5.  Dinoyo.', 0.30, 0.00, 0.00, 97, 1, '2025-10-20 19:07:14', '2025-10-30 18:52:05'),
	(104, 'LB3-A2', 'SIMPATIK', 1, 26, 'Jl. Diponegoro 110 Dps-Bali 80232', 0.25, 0.10, 0.00, 43, 1, '2025-10-20 19:07:14', '2025-10-20 19:07:14'),
	(105, 'SS1-A3', 'SIMPATIK SHOES', 1, 30, 'Jl. Cendrawasih No. 47', 0.25, 0.05, 0.00, 25, 1, '2025-10-20 19:07:14', '2025-10-20 19:07:14'),
	(106, 'JT7-A1', 'SINAR BARU', 1, 23, 'Jl. Panglima Sudirman No.67', 0.25, 0.10, 0.00, 5, 1, '2025-10-20 19:07:14', '2025-10-20 19:07:14'),
	(107, 'KT2-A3', 'SINAR BARU', 1, 22, 'Mall Mesra Indah Jl. K. H. Khalid ', 0.25, 0.05, 0.00, 24, 1, '2025-10-20 19:07:14', '2025-10-20 19:07:14'),
	(108, 'JT20-A2', 'SLAMET JAYA', 1, 16, 'Gg. Kelinci No.7. Jl. Arian Desa Joho Pasirian. Kab. Lumajang', 0.25, 0.05, 0.00, 77, 1, '2025-10-20 19:07:14', '2025-10-20 19:07:14'),
	(109, 'ST1-A3', 'STEFANUS', 1, 40, 'Jl. Sultan Hasanudin 2 No. 12 A', 0.25, 0.10, 0.00, 22, 2, '2025-10-20 19:07:14', '2025-10-20 19:07:14'),
	(110, 'KS5-A2', 'SUKA BARU (H. NATSIR)', 1, 52, 'JL. Veteran. Cindai. Kec. Martapura. Kab. Banjar', 0.25, 0.10, 0.00, 61, 2, '2025-10-20 19:07:14', '2025-10-20 19:07:14'),
	(111, 'KS5-A3', 'SUKA BARU (WAHAB)', 1, 52, 'JL. Veteran. Cindai. Kec. Martapura. Kab. Banjar', 0.25, 0.10, 0.00, 61, 2, '2025-10-20 19:07:14', '2025-10-20 19:07:14'),
	(112, 'JT11-A1', 'SUMBER MURAH', 1, 10, 'Jl. Barat No. 34. Kleco. Maospati. Magetan', 0.25, 0.10, 0.00, 8, 1, '2025-10-20 19:07:14', '2025-10-20 19:07:14'),
	(113, 'JT39-A2', 'SUMBER MURAH', 1, 56, 'Jl. Gubernur Suryo G5', 0.25, 0.10, 0.00, 65, 1, '2025-10-20 19:07:14', '2025-10-20 19:07:14'),
	(114, 'JT41-A1', 'SUMBER MURAH', 1, 57, 'Jl. BranjanganNo. 28 C. Jiwan. Madiun', 0.25, 0.10, 0.00, 8, 1, '2025-10-20 19:07:14', '2025-10-20 19:07:14'),
	(115, 'JT27-A2', 'SUMBER MURAH', 1, 35, 'JL. Ronggowarsito No. 16', 0.00, 0.00, 0.00, 97, 1, '2025-10-20 19:07:14', '2025-10-20 19:07:14'),
	(116, 'JT18-A1', 'SUMBER MURAH ', 1, 15, 'Jl Jogorogo Kab. Ngawi', 0.25, 0.10, 0.00, 8, 1, '2025-10-20 19:07:14', '2025-10-20 19:07:14'),
	(117, 'JT23-A1', 'SUMBER MURAH ', 1, 18, 'Jl. Raya Ponorogo No. 274. Gulingan. Madiun', 0.25, 0.10, 0.00, 8, 1, '2025-10-20 19:07:14', '2025-10-20 19:07:14'),
	(118, 'LB1-A1', 'SUTERA ALAM SPORT', 1, 6, 'JL. Gelatik No. 7 B/C ', 0.25, 0.05, 0.00, 3, 1, '2025-10-20 19:07:14', '2025-10-20 19:07:14'),
	(119, 'LB1-A2', 'SUTERA ALAM SPORT ', 1, 47, '', 0.25, 0.05, 0.03, 49, 4, '2025-10-20 19:07:14', '2025-10-20 19:07:14'),
	(120, 'KH1-A5', 'TIANG DUA SPORT', 1, 20, 'Jl. Putri Junjung Buih No. 39A Kec. Pahandut.', 0.25, 0.10, 0.00, 73, 2, '2025-10-20 19:07:14', '2025-10-30 18:52:20'),
	(121, 'KT2-A4', 'TIARA', 1, 22, 'Jl. S Parman Mall Lembus Wana Blok I No. 8', 0.25, 0.05, 0.00, 42, 1, '2025-10-20 19:07:14', '2025-10-20 19:07:14'),
	(122, 'KS3-A1', 'TOKO ANCAH', 1, 34, 'JL. Abdul Aziz No. 12 Pasar Amuntai', 0.35, 0.00, 0.00, 31, 2, '2025-10-20 19:07:14', '2025-10-20 19:07:14'),
	(123, 'KH1-A4', 'TOKO ANDA', 1, 20, 'JL. Halmahera Komp. Pertokoan Citra Raya Blok B No.1', 0.25, 0.10, 0.00, 14, 2, '2025-10-20 19:07:14', '2025-10-20 19:07:14'),
	(124, 'JT5-A1', 'TOKO AURORA', 1, 37, 'Jl. Majapahit No. 15', 0.25, 0.05, 0.00, 1, 1, '2025-10-20 19:07:14', '2025-10-20 19:07:14'),
	(125, 'JT9-A3', 'TOKO BAHAGIA', 1, 8, 'Jl. Masjid No. 17 Kauman Srengat', 0.25, 0.05, 0.00, 6, 1, '2025-10-20 19:07:14', '2025-10-20 19:07:14'),
	(126, 'KS5-A1', 'TOKO BATA CBS', 1, 52, 'Jl. Sukaramai. Pertokoan Cahaya Bumi Selamat Blok B No. 11.', 0.30, 0.00, 0.00, 58, 1, '2025-10-20 19:07:14', '2025-10-30 18:52:46'),
	(127, 'SU1-A1', 'TOKO BOGOR', 1, 31, 'Jl. Walanda Maramis No.123', 0.25, 0.10, 0.00, 26, 4, '2025-10-20 19:07:14', '2025-10-20 19:07:14'),
	(128, 'JT28-A1', 'TOKO DEWI', 1, 44, 'Jl. Raya 5B Cepu Jawa Tengah', 0.25, 0.05, 0.00, 40, 1, '2025-10-20 19:07:14', '2025-10-20 19:07:14'),
	(129, 'KH2-A2', 'TOKO DIMAS JAYA', 1, 32, 'Jl. Iskandar. Sampit. Kalteng', 0.25, 0.10, 0.00, 62, 2, '2025-10-20 19:07:14', '2025-10-20 19:07:14'),
	(130, 'KT1-A5', 'TOKO DISNEY', 1, 21, 'Jl. Sudirman Blok D/127(Terminal BP) Komplek Balikpapan Permai', 0.25, 0.05, 0.00, 15, 1, '2025-10-20 19:07:14', '2025-10-20 19:07:14'),
	(131, 'JT43-A1', 'TOKO GUNUNG MAS', 1, 54, 'Unit II No. 8 Pasar Baru. Dampit', 0.25, 0.05, 0.00, 23, 2, '2025-10-20 19:07:14', '2025-10-20 19:07:14'),
	(132, 'KS1-A4', 'TOKO H. BANI', 1, 19, 'Jl. Mahligai KM. 7 (Kertakhanyar) Kom. Tatah mahligai No. 71 RT 01/RW 02', 0.25, 0.10, 0.00, 64, 1, '2025-10-20 19:07:14', '2025-10-20 19:07:14'),
	(133, 'JT13-A2', 'TOKO HADI SPORT', 1, 11, 'Jl. Raya Cluring No.43 PB. RRHS (GOR ABC)', 0.25, 0.05, 0.00, 46, 1, '2025-10-20 19:07:14', '2025-10-20 19:07:14'),
	(134, 'JT12-A1', 'TOKO INDAH', 1, 27, 'Jl. Raya Panglima Sudirman No. 153', 0.25, 0.05, 0.00, 21, 1, '2025-10-20 19:07:14', '2025-10-20 19:07:14'),
	(135, 'JT36-A1', 'TOKO JA\'A', 1, 48, 'Jl. PB Sudirman No.105. Patemon. Blindungan', 0.25, 0.10, 0.00, 48, 1, '2025-10-20 19:07:14', '2025-10-20 19:07:14'),
	(136, 'JT3-A5', 'TOKO JA\'A', 1, 3, 'JL. Bawean No. 1.', 0.25, 0.10, 0.00, 48, 1, '2025-10-20 19:07:14', '2025-10-30 18:53:13'),
	(137, 'JT22-A1', 'TOKO JAKARTA', 1, 17, 'Jl. Trunojoyo No.45', 0.25, 0.05, 0.00, 13, 1, '2025-10-20 19:07:14', '2025-10-20 19:07:14'),
	(138, 'JT35-A1', 'TOKO KARUNIA', 1, 43, 'Jl. Raya Ruko No.4', 0.25, 0.05, 0.00, 9, 1, '2025-10-20 19:07:14', '2025-10-20 19:07:14'),
	(139, 'JT23-A2', 'TOKO MANIES', 1, 24, 'Jl. Cokroaminoto No. 1 ', 0.25, 0.05, 0.00, 8, 1, '2025-10-20 19:07:14', '2025-10-20 19:07:14'),
	(140, 'KS4-A1', 'TOKO MATAHARI', 1, 42, 'Toko Matahari. Pelaihari. Kalsel', 0.25, 0.05, 0.00, 38, 1, '2025-10-20 19:07:14', '2025-10-20 19:07:14'),
	(141, 'JT20-A1', 'TOKO MELATI', 1, 16, 'Jl. Raya Pasirian No.34. Ledok', 0.25, 0.05, 0.00, 12, 1, '2025-10-20 19:07:14', '2025-10-20 19:07:14'),
	(142, 'LB5-A1', 'TOKO MIRAMA', 1, 46, 'Jl. Ngurah Rai No.77 Negara-Bali', 0.30, 0.00, 0.00, 45, 1, '2025-10-20 19:07:14', '2025-10-20 19:07:14'),
	(143, 'JT12-A2', 'TOKO MUNCUL JAYA SPORT', 1, 27, 'Jl. Raya Sudirman No. 322', 0.25, 0.05, 0.00, 48, 1, '2025-10-20 19:07:14', '2025-10-20 19:07:14'),
	(144, 'ST1-A5', 'TOKO MUNIR SPORT', 1, 40, 'Jl. HOS Cokroaminoto No. 55', 0.30, 0.00, 0.00, 52, 2, '2025-10-20 19:07:14', '2025-10-20 19:07:14'),
	(145, 'JT10-A3', 'TOKO MURAH', 1, 9, 'JL. Penanggungan 40. Obral sepatu Pak Didik', 0.25, 0.10, 0.00, 66, 1, '2025-10-20 19:07:14', '2025-10-20 19:07:14'),
	(146, 'SS1-A5', 'TOKO NAGA MAS', 1, 30, 'Jl. Satangga No. 10', 0.25, 0.10, 0.00, 63, 2, '2025-10-20 19:07:14', '2025-10-20 19:07:14'),
	(147, 'KS2-A2', 'TOKO NIF', 1, 33, 'Jl. H. M. Rusli No. 44 Banjarmasin', 0.25, 0.10, 0.00, 56, 2, '2025-10-20 19:07:14', '2025-10-20 19:07:14'),
	(148, 'JT30-A1', 'TOKO NJR', 1, 39, 'Jl. Panglima Sudirman 146', 0.25, 0.05, 0.00, 34, 1, '2025-10-20 19:07:14', '2025-10-20 19:07:14'),
	(149, 'JT8-A3', 'TOKO OBRAL MURAH', 1, 7, 'Jl. Mayor Sujadi Timur Sumbergempol', 0.25, 0.05, 0.00, 5, 1, '2025-10-20 19:07:14', '2025-10-20 19:07:14'),
	(150, 'SR1-A1', 'TOKO PARIS', 1, 28, 'Jl. Saranani No. 40 ', 0.30, 0.00, 0.00, 22, 3, '2025-10-20 19:07:14', '2025-10-20 19:07:14'),
	(151, 'KT1-A4', 'TOKO PJA GROSIR', 1, 21, 'Ruko Plaza Kebun Sayur Blok T No. 17', 0.25, 0.10, 0.00, 97, 1, '2025-10-20 19:07:14', '2025-10-20 19:07:14'),
	(152, 'JT10-A1', 'TOKO POPULER', 1, 9, 'Jl. Pattimura No.15. Jagalan', 0.25, 0.10, 0.00, 7, 1, '2025-10-20 19:07:14', '2025-10-20 19:07:14'),
	(153, 'JT4-A2', 'TOKO PRABAN', 1, 4, 'Jl. Panglima Sudirman No. 49', 0.25, 0.05, 0.00, 1, 1, '2025-10-20 19:07:14', '2025-10-20 19:07:14'),
	(154, 'KH1-A2', 'TOKO PUSAKA ILMU', 1, 20, 'Jl. Ahmad Yani No. 14-15 Langkai', 0.30, 0.00, 0.00, 18, 4, '2025-10-20 19:07:14', '2025-10-20 19:07:14'),
	(155, 'KH2-A1', 'TOKO RANDY\'S', 1, 32, 'Jl. Usman Harun No. 9 ', 0.25, 0.05, 0.00, 29, 1, '2025-10-20 19:07:14', '2025-10-20 19:07:14'),
	(156, 'JT17-A4', 'TOKO RAYA', 1, 14, 'Jl. Hos Cokroaminoto No. 71', 0.25, 0.05, 0.00, 8, 1, '2025-10-20 19:07:14', '2025-10-20 19:07:14'),
	(157, 'JT41-A1', 'TOKO REJEKI', 1, 53, 'Pasar Besar Kepanjen Blok 104 A', 0.25, 0.05, 0.00, 23, 1, '2025-10-20 19:07:14', '2025-10-20 19:07:14'),
	(158, 'KH1-A3', 'TOKO RESTU', 1, 20, 'JL. A. YANI NO. 14-15', 0.25, 0.05, 0.00, 14, 1, '2025-10-20 19:07:14', '2025-10-20 19:07:14'),
	(159, 'KS2-A1', 'TOKO RHOST / RAHMAT', 1, 33, 'JL. H. M. Rusli Kandangan Banjarmasin', 0.25, 0.05, 0.00, 30, 1, '2025-10-20 19:07:14', '2025-10-20 19:07:14'),
	(160, 'JT3-A1', 'TOKO SAFARI', 1, 3, 'JL. Irian Jaya P9-10', 0.25, 0.10, 0.00, 97, 1, '2025-10-20 19:07:14', '2025-10-20 19:07:14'),
	(161, 'KH3-A3', 'TOKO SALTI', 1, 38, 'Pasar Indra Kencana', 0.00, 0.00, 0.00, 47, 3, '2025-10-20 19:07:14', '2025-10-30 18:53:28'),
	(162, 'LB3-A4', 'TOKO SEMBILAN', 1, 26, 'Jl. Diponegoro 98 B1', 0.25, 0.05, 0.00, 43, 1, '2025-10-20 19:07:14', '2025-10-20 19:07:14'),
	(163, 'SR1-A2', 'TOKO SINGAPURA', 1, 28, 'Jl. MT Haryono No.62 Komplek Seno Pati Land', 0.25, 0.10, 0.00, 41, 2, '2025-10-20 19:07:14', '2025-10-20 19:07:14'),
	(164, 'JT2-A1', 'TOKO SUMBER LANCAR', 1, 2, 'JL. Kartini No. 22 ', 0.25, 0.10, 0.03, 1, 1, '2025-10-20 19:07:14', '2025-10-20 19:07:14'),
	(165, 'KS5-A1', 'TOKO TRENDY SHOES', 1, 58, 'JL. A Yani km 34 Banjarbaru', 0.25, 0.05, 0.00, 14, 1, '2025-10-20 19:07:14', '2025-10-20 19:07:14'),
	(166, 'KS3-A2', 'TOKO UDIN JIMY', 1, 34, 'Jl. H. Ali Desa Sungai Karias No. 29 RT 4 Sungai Karias', 0.35, 0.00, 0.00, 60, 2, '2025-10-20 19:07:14', '2025-10-20 19:07:14'),
	(167, 'JT17-A5', 'TUKOL SPORT', 1, 14, 'Jl. Urip Sumoharjo 52. Krajan Mangkujayan.', 0.30, 0.00, 0.00, 97, 1, '2025-10-20 19:07:14', '2025-10-30 18:53:39'),
	(168, 'JT1-A4', 'UD. KOTA RAME', 1, 1, 'Pertokoan Sinar Galaxy PS. Turi B-39', 0.25, 0.10, 0.00, 4, 1, '2025-10-20 19:07:14', '2025-10-20 19:07:14'),
	(169, 'JT1-A8', 'UMAM', 1, 1, '', 0.15, 0.00, 0.00, 97, 4, '2025-10-20 19:07:14', '2025-10-20 19:07:14'),
	(170, 'GR1-A1', 'UTAMA SHOES ', 1, 5, 'JL. M.T. Haryono No. 76 Biawao', 0.25, 0.10, 0.00, 2, 2, '2025-10-20 19:07:14', '2025-10-20 19:07:14'),
	(171, 'JT8-A4', 'VNS JAYA SPORT', 1, 7, 'Jl. KHR Abdul Fattah No. 1B Mangunsari. Kec. Kedungwaru', 0.25, 0.10, 0.00, 97, 1, '2025-10-20 19:07:14', '2025-10-30 18:44:40'),
	(172, 'LB3-A6', 'WIDYA SPORT', 1, 26, 'Jl. Ahmad Yani No. 140 A. Denpasar', 0.30, 0.00, 0.00, 97, 1, '2025-10-20 19:07:14', '2025-10-20 19:07:14'),
	(173, 'KH1-A6', 'ZOMAH', 1, 20, 'Jl. Ahmad Yani No. 41.', 0.25, 0.10, 0.00, 73, 2, '2025-10-20 19:07:14', '2025-10-30 18:53:43'),
	(174, 'NEW', 'Toko Dummy', 1, 5, 'Alamat toko dummy', 0.20, 0.15, 0.05, 3, 1, '2025-10-30 20:05:02', '2025-10-30 20:05:02'),
	(175, 'BARU', 'Toko Baru', 2, 2, 'Alamat toko Baru', 0.20, 0.15, 0.05, 6, 2, '2025-10-30 20:07:38', '2025-10-30 20:07:38'),
	(177, 'XYZ', 'TOKO BINTANG LIMA', 4, 86, 'Jl. Burangrang 24', 0.25, 0.20, 0.15, 16, 1, '2025-10-31 18:44:09', '2025-10-31 18:44:09'),
	(178, 'BARU', 'TOKO BARU BANGET', 1, 1, 'Jl. Nanas No. 23', 0.25, 0.15, 0.05, 8, 3, '2025-10-31 20:38:22', '2025-10-31 20:38:22');

-- Dumping structure for table distributor.ukuran
DROP TABLE IF EXISTS `ukuran`;
CREATE TABLE IF NOT EXISTS `ukuran` (
  `id` int NOT NULL AUTO_INCREMENT,
  `nama` varchar(5) CHARACTER SET utf8mb4 COLLATE utf8mb4_0900_ai_ci NOT NULL,
  `created_at` datetime DEFAULT CURRENT_TIMESTAMP,
  `updated_at` datetime NOT NULL DEFAULT CURRENT_TIMESTAMP ON UPDATE CURRENT_TIMESTAMP,
  PRIMARY KEY (`id`) USING BTREE,
  UNIQUE KEY `nama` (`nama`) USING BTREE
) ENGINE=InnoDB AUTO_INCREMENT=28 DEFAULT CHARSET=utf8mb4 COLLATE=utf8mb4_0900_ai_ci;

-- Dumping data for table distributor.ukuran: ~27 rows (approximately)
INSERT INTO `ukuran` (`id`, `nama`, `created_at`, `updated_at`) VALUES
	(1, '36-41', '2025-10-19 15:08:29', '2025-10-19 15:08:29'),
	(2, '32-37', '2025-10-19 15:08:29', '2025-10-19 15:08:29'),
	(3, '38-43', '2025-10-19 15:08:29', '2025-10-19 15:08:29'),
	(4, '44-45', '2025-10-19 15:08:29', '2025-10-19 15:08:29'),
	(5, '39-44', '2025-10-19 15:08:29', '2025-10-19 15:08:29'),
	(6, '44', '2025-10-19 15:08:29', '2025-10-19 15:08:29'),
	(7, '34-37', '2025-10-19 15:08:29', '2025-10-19 15:08:29'),
	(8, '36-40', '2025-10-19 15:08:29', '2025-10-19 15:08:29'),
	(9, '26-31', '2025-10-19 15:08:29', '2025-10-19 15:08:29'),
	(10, '39-43', '2025-10-19 15:08:29', '2025-10-19 15:08:29'),
	(11, '44-46', '2025-10-19 15:08:29', '2025-10-19 15:08:29'),
	(12, '44-47', '2025-10-19 15:08:29', '2025-10-19 15:08:29'),
	(13, '37-41', '2025-10-19 15:08:29', '2025-10-19 15:08:29'),
	(14, '44-48', '2025-10-19 15:08:29', '2025-10-19 15:08:29'),
	(15, '38-47', '2025-10-19 15:08:29', '2025-10-19 15:08:29'),
	(16, '28-31', '2025-10-19 15:08:29', '2025-10-19 15:08:29'),
	(17, '38-45', '2025-10-19 15:08:29', '2025-10-19 15:08:29'),
	(18, '38-44', '2025-10-19 15:08:29', '2025-10-19 15:08:29'),
	(19, '35-37', '2025-10-19 15:08:29', '2025-10-19 15:08:29'),
	(20, '38-41', '2025-10-19 15:08:29', '2025-10-19 15:08:29'),
	(21, '37-44', '2025-10-19 15:08:29', '2025-10-19 15:08:29'),
	(22, '37-40', '2025-10-19 15:08:29', '2025-10-19 15:08:29'),
	(23, '36-44', '2025-10-19 15:08:29', '2025-10-19 15:08:29'),
	(24, '34-36', '2025-10-19 15:08:29', '2025-10-19 15:08:29'),
	(25, '37-39', '2025-10-19 15:08:29', '2025-10-19 15:08:29'),
	(26, '40-42', '2025-10-19 15:08:29', '2025-10-19 15:08:29'),
	(27, '34-38', '2025-10-20 19:14:16', '2025-10-20 19:14:16');

-- Dumping structure for table distributor.warna
DROP TABLE IF EXISTS `warna`;
CREATE TABLE IF NOT EXISTS `warna` (
  `id` int NOT NULL AUTO_INCREMENT,
  `nama` varchar(30) NOT NULL,
  `created_at` datetime DEFAULT CURRENT_TIMESTAMP,
  `updated_at` datetime NOT NULL DEFAULT CURRENT_TIMESTAMP ON UPDATE CURRENT_TIMESTAMP,
  PRIMARY KEY (`id`),
  UNIQUE KEY `nama` (`nama`)
) ENGINE=InnoDB AUTO_INCREMENT=311 DEFAULT CHARSET=utf8mb4 COLLATE=utf8mb4_0900_ai_ci;

-- Dumping data for table distributor.warna: ~295 rows (approximately)
INSERT INTO `warna` (`id`, `nama`, `created_at`, `updated_at`) VALUES
	(1, 'HTM/PTH', '2025-10-19 15:08:37', '2025-10-19 15:08:37'),
	(2, 'BRMD/STELLAR', '2025-10-19 15:08:37', '2025-10-19 15:08:37'),
	(3, 'HJ.MD/HIJAU', '2025-10-19 15:08:37', '2025-10-19 15:08:37'),
	(4, 'PTH/PINK', '2025-10-19 15:08:37', '2025-10-19 15:08:37'),
	(5, 'AB.T/FSH', '2025-10-19 15:08:37', '2025-10-19 15:08:37'),
	(6, 'HTM/ABT', '2025-10-19 15:08:37', '2025-10-19 15:08:37'),
	(7, 'MR.T/MRH', '2025-10-19 15:08:37', '2025-10-19 15:08:37'),
	(8, 'BR.T/FSH', '2025-10-19 15:08:37', '2025-10-19 15:08:37'),
	(9, 'PTH/ABM', '2025-10-19 15:08:37', '2025-10-19 15:08:37'),
	(10, 'BR.T/PTH', '2025-10-19 15:08:37', '2025-10-19 15:08:37'),
	(11, 'AB.T/HTM', '2025-10-19 15:08:37', '2025-10-19 15:08:37'),
	(12, 'BR/BR.T', '2025-10-19 15:08:37', '2025-10-19 15:08:37'),
	(13, 'MRH/MR.T', '2025-10-19 15:08:37', '2025-10-19 15:08:37'),
	(14, 'BR.T/KNG', '2025-10-19 15:08:37', '2025-10-19 15:08:37'),
	(15, 'ABMD/ORG', '2025-10-19 15:08:37', '2025-10-19 15:08:37'),
	(16, 'CITRUN/ABT', '2025-10-19 15:08:37', '2025-10-19 15:08:37'),
	(17, 'ABM/HTM', '2025-10-19 15:08:37', '2025-10-19 15:08:37'),
	(18, 'AB.T/ORG', '2025-10-19 15:08:37', '2025-10-19 15:08:37'),
	(19, 'BRT/ABM', '2025-10-19 15:08:37', '2025-10-19 15:08:37'),
	(20, 'HTM/TRQ', '2025-10-19 15:08:37', '2025-10-19 15:08:37'),
	(21, 'BR/HTM', '2025-10-19 15:08:37', '2025-10-19 15:08:37'),
	(22, 'MRH/HTM', '2025-10-19 15:08:37', '2025-10-19 15:08:37'),
	(23, 'HTM/KNG', '2025-10-19 15:08:37', '2025-10-19 15:08:37'),
	(24, 'KNG/HTM', '2025-10-19 15:08:37', '2025-10-19 15:08:37'),
	(25, 'ORG/BR.T', '2025-10-19 15:08:37', '2025-10-19 15:08:37'),
	(26, 'PTH/BR.T', '2025-10-19 15:08:37', '2025-10-19 15:08:37'),
	(27, 'AB.T/PTH', '2025-10-19 15:08:37', '2025-10-19 15:08:37'),
	(28, 'MRH/PTH', '2025-10-19 15:08:37', '2025-10-19 15:08:37'),
	(29, 'PTH/ABMD', '2025-10-19 15:08:37', '2025-10-19 15:08:37'),
	(30, 'HTM/HTM', '2025-10-19 15:08:37', '2025-10-19 15:08:37'),
	(31, 'NVY/PTH', '2025-10-19 15:08:37', '2025-10-19 15:08:37'),
	(32, 'HTM/AB.T', '2025-10-19 15:08:37', '2025-10-19 15:08:37'),
	(33, 'HTM/MRH', '2025-10-19 15:08:37', '2025-10-19 15:08:37'),
	(34, 'ABT/BRMD/ABMD', '2025-10-19 15:08:37', '2025-10-19 15:08:37'),
	(35, 'ABMD/TOSCA', '2025-10-19 15:08:37', '2025-10-19 15:08:37'),
	(36, 'AB.T/KNG', '2025-10-19 15:08:37', '2025-10-19 15:08:37'),
	(37, 'HTM/PTH/ORG', '2025-10-19 15:08:37', '2025-10-19 15:08:37'),
	(38, 'BR.R/HTM', '2025-10-19 15:08:37', '2025-10-19 15:08:37'),
	(39, 'AB.T/BRMD', '2025-10-19 15:08:37', '2025-10-19 15:08:37'),
	(40, 'HTM/FSH', '2025-10-19 15:08:37', '2025-10-19 15:08:37'),
	(41, 'ABT/PINK', '2025-10-19 15:08:37', '2025-10-19 15:08:37'),
	(42, 'BR.T/BRM', '2025-10-19 15:08:37', '2025-10-19 15:08:37'),
	(43, 'MR.T/HTM', '2025-10-19 15:08:37', '2025-10-19 15:08:37'),
	(44, 'BR.T/HTM', '2025-10-19 15:08:37', '2025-10-19 15:08:37'),
	(45, 'PINK/PTH', '2025-10-19 15:08:37', '2025-10-19 15:08:37'),
	(46, 'MR.T/PTH', '2025-10-19 15:08:37', '2025-10-19 15:08:37'),
	(47, 'HTM/TOSCA', '2025-10-19 15:08:37', '2025-10-19 15:08:37'),
	(48, 'HTM/EMAS', '2025-10-19 15:08:37', '2025-10-19 15:08:37'),
	(49, 'PTH/HTM', '2025-10-19 15:08:37', '2025-10-19 15:08:37'),
	(50, 'ABMD/BR.T', '2025-10-19 15:08:37', '2025-10-19 15:08:37'),
	(51, 'PTH/MRH/HTM', '2025-10-19 15:08:37', '2025-10-19 15:08:37'),
	(52, 'PTH/HTM/MRH', '2025-10-19 15:08:37', '2025-10-19 15:08:37'),
	(53, 'PTH/BR.T/MRH', '2025-10-19 15:08:37', '2025-10-19 15:08:37'),
	(54, 'KREM/BR.T', '2025-10-19 15:08:37', '2025-10-19 15:08:37'),
	(55, 'BR.T/KREM', '2025-10-19 15:08:37', '2025-10-19 15:08:37'),
	(56, 'AB.T/CTRN', '2025-10-19 15:08:37', '2025-10-19 15:08:37'),
	(57, 'BR.T/ABMD', '2025-10-19 15:08:37', '2025-10-19 15:08:37'),
	(58, 'PTH/AB.T/HTM', '2025-10-19 15:08:37', '2025-10-19 15:08:37'),
	(59, 'HTM/AB.T/KNG', '2025-10-19 15:08:37', '2025-10-19 15:08:37'),
	(60, 'AB.T/HTM/TSC', '2025-10-19 15:08:37', '2025-10-19 15:08:37'),
	(61, 'PTH/HTM/BR', '2025-10-19 15:08:37', '2025-10-19 15:08:37'),
	(62, 'PTH/BRT/KNG', '2025-10-19 15:08:37', '2025-10-19 15:08:37'),
	(63, 'HTM/CTRN', '2025-10-19 15:08:37', '2025-10-19 15:08:37'),
	(64, 'HTM/AB.T/CTRN', '2025-10-19 15:08:37', '2025-10-19 15:08:37'),
	(65, 'AB.T/HTM/MRH', '2025-10-19 15:08:37', '2025-10-19 15:08:37'),
	(66, 'BR.T/ABMD/MRH', '2025-10-19 15:08:37', '2025-10-19 15:08:37'),
	(67, 'BR.T/KNG/ABMD', '2025-10-19 15:08:37', '2025-10-19 15:08:37'),
	(68, 'HTM/GUM', '2025-10-19 15:08:37', '2025-10-19 15:08:37'),
	(69, 'BEIGE/GUM', '2025-10-19 15:08:37', '2025-10-19 15:08:37'),
	(70, 'PTH/GUM', '2025-10-19 15:08:37', '2025-10-19 15:08:37'),
	(71, 'BR.T/GUM', '2025-10-19 15:08:37', '2025-10-19 15:08:37'),
	(72, 'AB.T/GUM', '2025-10-19 15:08:37', '2025-10-19 15:08:37'),
	(73, 'HTM/BR-TSCA', '2025-10-19 15:08:37', '2025-10-19 15:08:37'),
	(74, 'MRH/HTM/ABMD', '2025-10-19 15:08:37', '2025-10-19 15:08:37'),
	(75, 'PTH/ABMD/MRH', '2025-10-19 15:08:37', '2025-10-19 15:08:37'),
	(76, 'PTH/KNG', '2025-10-19 15:08:37', '2025-10-19 15:08:37'),
	(77, 'PTH/MRH', '2025-10-19 15:08:37', '2025-10-19 15:08:37'),
	(78, 'HTM/BR/TSC', '2025-10-19 15:08:37', '2025-10-19 15:08:37'),
	(79, 'KNG/BR.T', '2025-10-19 15:08:37', '2025-10-19 15:08:37'),
	(80, 'KREM/GUM', '2025-10-19 15:08:37', '2025-10-19 15:08:37'),
	(81, 'ARMY/GUM', '2025-10-19 15:08:37', '2025-10-19 15:08:37'),
	(82, 'PTH/HTM/BIRU', '2025-10-19 15:08:37', '2025-10-19 15:08:37'),
	(83, 'PTH/BR.T/HTM', '2025-10-19 15:08:37', '2025-10-19 15:08:37'),
	(84, 'AB.T/FSHMD', '2025-10-19 15:08:37', '2025-10-19 15:08:37'),
	(85, 'MRMD/UNGU', '2025-10-19 15:08:37', '2025-10-19 15:08:37'),
	(86, 'HTM/FSHMD', '2025-10-19 15:08:37', '2025-10-19 15:08:37'),
	(87, 'BR.T/BRMD', '2025-10-19 15:08:37', '2025-10-19 15:08:37'),
	(88, 'BR.T/FSHMD', '2025-10-19 15:08:37', '2025-10-19 15:08:37'),
	(89, 'HTM/ABT/CTRN', '2025-10-19 15:08:37', '2025-10-19 15:08:37'),
	(90, 'BRT/LIME', '2025-10-19 15:08:37', '2025-10-19 15:08:37'),
	(91, 'PTH/ABMD/ORG', '2025-10-19 15:08:37', '2025-10-19 15:08:37'),
	(92, 'ABT/HTM/MRH', '2025-10-19 15:08:37', '2025-10-19 15:08:37'),
	(93, 'HTM/BR/ABMD', '2025-10-19 15:08:37', '2025-10-19 15:08:37'),
	(94, 'BRT/KNG/ABMD', '2025-10-19 15:08:37', '2025-10-19 15:08:37'),
	(95, 'HTM/MR.T', '2025-10-19 15:08:37', '2025-10-19 15:08:37'),
	(96, 'HTM/ABMD', '2025-10-19 15:08:37', '2025-10-19 15:08:37'),
	(97, 'HTM/MAROON', '2025-10-19 15:08:37', '2025-10-19 15:08:37'),
	(98, 'HTM/BIRU', '2025-10-19 15:08:37', '2025-10-19 15:08:37'),
	(99, 'BR.T/CTRN', '2025-10-19 15:08:37', '2025-10-19 15:08:37'),
	(100, 'BR/ORANYE', '2025-10-19 15:08:37', '2025-10-19 15:08:37'),
	(101, 'TEAL/BR.L', '2025-10-19 15:08:37', '2025-10-19 15:08:37'),
	(102, 'PTH/BIRU', '2025-10-19 15:08:37', '2025-10-19 15:08:37'),
	(103, 'BIRU/ORG', '2025-10-19 15:08:37', '2025-10-19 15:08:37'),
	(104, 'BR.T/LIME', '2025-10-19 15:08:37', '2025-10-19 15:08:37'),
	(105, 'ABMD/STELLAR', '2025-10-19 15:08:37', '2025-10-19 15:08:37'),
	(106, 'PTH/CRIMSON', '2025-10-19 15:08:37', '2025-10-19 15:08:37'),
	(107, 'AB.T/BR.T', '2025-10-19 15:08:37', '2025-10-19 15:08:37'),
	(108, 'PINK/LIME', '2025-10-19 15:08:37', '2025-10-19 15:08:37'),
	(109, 'BR.T/PINKMD', '2025-10-19 15:08:37', '2025-10-19 15:08:37'),
	(110, 'PTH/PASTEL ', '2025-10-19 15:08:37', '2025-10-19 15:08:37'),
	(111, 'HTM/UNGU', '2025-10-19 15:08:37', '2025-10-19 15:08:37'),
	(112, 'HTM/CHRCL/PTH', '2025-10-19 15:08:37', '2025-10-19 15:08:37'),
	(113, 'BR.T/TEAL', '2025-10-19 15:08:37', '2025-10-19 15:08:37'),
	(114, 'AB.T/EVE-PRMROSE', '2025-10-19 15:08:37', '2025-10-19 15:08:37'),
	(115, 'PTH/TOSCA', '2025-10-19 15:08:37', '2025-10-19 15:08:37'),
	(116, 'BR.DIVA/KNG-PLUM', '2025-10-19 15:08:37', '2025-10-19 15:08:37'),
	(117, 'ABMD/AB.T', '2025-10-19 15:08:37', '2025-10-19 15:08:37'),
	(118, 'PEARL-IV/ROSETAN', '2025-10-19 15:08:37', '2025-10-19 15:08:37'),
	(119, 'OTR-SPCE/HTM', '2025-10-19 15:08:37', '2025-10-19 15:08:37'),
	(120, 'SNRKR-BLUE/KNG', '2025-10-19 15:08:37', '2025-10-19 15:08:37'),
	(121, 'PTH/GOLD', '2025-10-19 15:08:37', '2025-10-19 15:08:37'),
	(122, 'BR.T/BR-TSCA', '2025-10-19 15:08:37', '2025-10-19 15:08:37'),
	(123, 'ABU/PTH', '2025-10-19 15:08:37', '2025-10-19 15:08:37'),
	(124, 'MOONBEAM/PTH', '2025-10-19 15:08:37', '2025-10-19 15:08:37'),
	(125, 'ABMD/PINK', '2025-10-19 15:08:37', '2025-10-19 15:08:37'),
	(126, 'BR/BR-TSCA', '2025-10-19 15:08:37', '2025-10-19 15:08:37'),
	(127, 'UNGU/BIRU', '2025-10-19 15:08:37', '2025-10-19 15:08:37'),
	(128, 'ABMD/BRMD', '2025-10-19 15:08:37', '2025-10-19 15:08:37'),
	(129, 'BRMD/BR.T', '2025-10-19 15:08:37', '2025-10-19 15:08:37'),
	(130, 'BEIGE/BR.T', '2025-10-19 15:08:37', '2025-10-19 15:08:37'),
	(131, 'PTH/PASTEL LILAC', '2025-10-19 15:08:37', '2025-10-19 15:08:37'),
	(132, 'HTM/ORG', '2025-10-19 15:08:37', '2025-10-19 15:08:37'),
	(133, 'CTRN/HTM', '2025-10-19 15:08:37', '2025-10-19 15:08:37'),
	(134, 'BR.T/TSCAMD', '2025-10-19 15:08:37', '2025-10-19 15:08:37'),
	(135, 'CREAM/BRMD', '2025-10-19 15:08:37', '2025-10-19 15:08:37'),
	(136, 'BR/CTRN', '2025-10-19 15:08:37', '2025-10-19 15:08:37'),
	(137, 'PTH/UNGU', '2025-10-19 15:08:37', '2025-10-19 15:08:37'),
	(138, 'BR.T/ORG', '2025-10-19 15:08:37', '2025-10-19 15:08:37'),
	(139, 'BRMD/BR-ELIXIR', '2025-10-19 15:08:37', '2025-10-19 15:08:37'),
	(140, 'PTH/PSTL-TRQ', '2025-10-19 15:08:37', '2025-10-19 15:08:37'),
	(141, 'BRLY-PINK/MV-MIST', '2025-10-19 15:08:37', '2025-10-19 15:08:37'),
	(142, 'HTM/BR-CRL', '2025-10-19 15:08:37', '2025-10-19 15:08:37'),
	(143, 'BR-MSTY/BR-GBLN', '2025-10-19 15:08:37', '2025-10-19 15:08:37'),
	(144, 'HITAM/MERAH', '2025-10-19 15:08:37', '2025-10-19 15:08:37'),
	(145, 'ABU/HITAM', '2025-10-19 15:08:37', '2025-10-19 15:08:37'),
	(146, 'BIRU-ROYAL/HITAM', '2025-10-19 15:08:37', '2025-10-19 15:08:37'),
	(147, 'PUTIH/HITAM', '2025-10-19 15:08:37', '2025-10-19 15:08:37'),
	(148, 'PTH/ORG', '2025-10-19 15:08:37', '2025-10-19 15:08:37'),
	(149, 'BIRU/MRH', '2025-10-19 15:08:37', '2025-10-19 15:08:37'),
	(150, 'HIJAU-TINT/KNG', '2025-10-19 15:08:37', '2025-10-19 15:08:37'),
	(151, 'HITAM/ABU', '2025-10-19 15:08:37', '2025-10-19 15:08:37'),
	(152, 'HITAM/BIRU', '2025-10-19 15:08:37', '2025-10-19 15:08:37'),
	(153, 'ABU-MUDA/MERAH', '2025-10-19 15:08:37', '2025-10-19 15:08:37'),
	(154, 'STELLAR/UNGU', '2025-10-19 15:08:37', '2025-10-19 15:08:37'),
	(155, 'PUTIH/BIRU-DIVA', '2025-10-19 15:08:37', '2025-10-19 15:08:37'),
	(156, 'BIRU/TOSCA', '2025-10-19 15:08:37', '2025-10-19 15:08:37'),
	(157, 'UNGU/TOSCA', '2025-10-19 15:08:37', '2025-10-19 15:08:37'),
	(158, 'UNGU/PEACH', '2025-10-19 15:08:37', '2025-10-19 15:08:37'),
	(159, 'CREAM/PEACH', '2025-10-19 15:08:37', '2025-10-19 15:08:37'),
	(160, 'PTH/HJ-MUDA', '2025-10-19 15:08:37', '2025-10-19 15:08:37'),
	(161, 'PINKMD/BR-TSCA', '2025-10-19 15:08:37', '2025-10-19 15:08:37'),
	(162, 'NAVY/TOSCA', '2025-10-19 15:08:37', '2025-10-19 15:08:37'),
	(163, 'BR-MISTY/BR-ORION', '2025-10-19 15:08:37', '2025-10-19 15:08:37'),
	(164, 'BALTIC/KNG', '2025-10-19 15:08:37', '2025-10-19 15:08:37'),
	(165, 'PTH/ABU', '2025-10-19 15:08:37', '2025-10-19 15:08:37'),
	(166, 'OLIVE/HTM', '2025-10-19 15:08:37', '2025-10-19 15:08:37'),
	(167, 'ABU/AB.T', '2025-10-19 15:08:37', '2025-10-19 15:08:37'),
	(168, 'BR.T/MOCCA', '2025-10-19 15:08:37', '2025-10-19 15:08:37'),
	(169, 'PTH/COKLAT', '2025-10-19 15:08:37', '2025-10-19 15:08:37'),
	(170, 'OLIVE/BEIGE', '2025-10-19 15:08:37', '2025-10-19 15:08:37'),
	(171, 'PTH/SW-PEACH', '2025-10-19 15:08:37', '2025-10-19 15:08:37'),
	(172, 'PTH/KREM', '2025-10-19 15:08:37', '2025-10-19 15:08:37'),
	(173, 'ABU/ORG', '2025-10-19 15:08:37', '2025-10-19 15:08:37'),
	(174, 'PTH/BRMD', '2025-10-19 15:08:37', '2025-10-19 15:08:37'),
	(175, 'CREAM/OLIVE', '2025-10-19 15:08:37', '2025-10-19 15:08:37'),
	(176, 'BR.T/HJ-MUDA', '2025-10-19 15:08:37', '2025-10-19 15:08:37'),
	(177, 'TEAL/BR-TSCA', '2025-10-19 15:08:37', '2025-10-19 15:08:37'),
	(178, 'PTH/COKLT', '2025-10-19 15:08:37', '2025-10-19 15:08:37'),
	(179, 'BR.T/ABU', '2025-10-19 15:08:37', '2025-10-19 15:08:37'),
	(180, 'PSTL-LLC/PINK', '2025-10-19 15:08:37', '2025-10-19 15:08:37'),
	(181, 'PTH/MOCCA', '2025-10-19 15:08:37', '2025-10-19 15:08:37'),
	(182, 'AB.T/LIME', '2025-10-19 15:08:37', '2025-10-19 15:08:37'),
	(183, 'BR.T/UNGU', '2025-10-19 15:08:37', '2025-10-19 15:08:37'),
	(184, 'ABU/TOSCA', '2025-10-19 15:08:37', '2025-10-19 15:08:37'),
	(185, 'PTH/LIME', '2025-10-19 15:08:37', '2025-10-19 15:08:37'),
	(186, 'AB.T/ABU', '2025-10-19 15:08:37', '2025-10-19 15:08:37'),
	(187, 'TEAL/ABU', '2025-10-19 15:08:37', '2025-10-19 15:08:37'),
	(188, 'PINK/UNGU', '2025-10-19 15:08:37', '2025-10-19 15:08:37'),
	(189, 'BRMD/BIRU', '2025-10-19 15:08:37', '2025-10-19 15:08:37'),
	(190, 'MINT/CTRN', '2025-10-19 15:08:37', '2025-10-19 15:08:37'),
	(191, 'LILAC/UNGU', '2025-10-19 15:08:37', '2025-10-19 15:08:37'),
	(192, 'PTH/TSC-MD', '2025-10-19 15:08:37', '2025-10-19 15:08:37'),
	(193, 'HTM/ARMY', '2025-10-19 15:08:37', '2025-10-19 15:08:37'),
	(194, 'BIRU/HJMD', '2025-10-19 15:08:37', '2025-10-19 15:08:37'),
	(195, 'BIRU/PTH', '2025-10-19 15:08:37', '2025-10-19 15:08:37'),
	(196, 'BRMD/ORG', '2025-10-19 15:08:37', '2025-10-19 15:08:37'),
	(197, 'ABU/MRH', '2025-10-19 15:08:37', '2025-10-19 15:08:37'),
	(198, 'BRMD/KNG', '2025-10-19 15:08:37', '2025-10-19 15:08:37'),
	(199, 'TEAL/CTRN', '2025-10-19 15:08:37', '2025-10-19 15:08:37'),
	(200, 'KREM/UNGU', '2025-10-19 15:08:37', '2025-10-19 15:08:37'),
	(201, 'TOSCA/HTM', '2025-10-19 15:08:37', '2025-10-19 15:08:37'),
	(202, 'PSTL-LLC/UNGU', '2025-10-19 15:08:37', '2025-10-19 15:08:37'),
	(203, 'TAN/CKLT', '2025-10-19 15:08:37', '2025-10-19 15:08:37'),
	(204, 'HJ-MD/ORG', '2025-10-19 15:08:37', '2025-10-19 15:08:37'),
	(205, 'BR/TOSCA', '2025-10-19 15:08:37', '2025-10-19 15:08:37'),
	(206, 'ABMD/BIRU', '2025-10-19 15:08:37', '2025-10-19 15:08:37'),
	(207, 'CREAM/CKLT', '2025-10-19 15:08:37', '2025-10-19 15:08:37'),
	(208, 'BIRU/THM', '2025-10-19 15:08:37', '2025-10-19 15:08:37'),
	(209, 'ORG/UNGU', '2025-10-19 15:08:37', '2025-10-19 15:08:37'),
	(210, 'UNGU-ABU/CRL', '2025-10-19 15:08:37', '2025-10-19 15:08:37'),
	(211, 'UNGU/HTM', '2025-10-19 15:08:37', '2025-10-19 15:08:37'),
	(212, 'PINK-NUDE/PTH', '2025-10-19 15:08:37', '2025-10-19 15:08:37'),
	(213, 'SERENITY/PTH', '2025-10-19 15:08:37', '2025-10-19 15:08:37'),
	(214, 'ROSE-GLD/PTH', '2025-10-19 15:08:37', '2025-10-19 15:08:37'),
	(215, 'ABU/HTM', '2025-10-19 15:08:37', '2025-10-19 15:08:37'),
	(216, 'HTM/TEAL', '2025-10-19 15:08:37', '2025-10-19 15:08:37'),
	(217, 'BR.T/PINK', '2025-10-19 15:08:37', '2025-10-19 15:08:37'),
	(218, 'ABU/PEACH', '2025-10-19 15:08:37', '2025-10-19 15:08:37'),
	(219, 'ABU/ABMD', '2025-10-19 15:08:37', '2025-10-19 15:08:37'),
	(220, 'ALL BLACK', '2025-10-19 15:08:37', '2025-10-19 15:08:37'),
	(221, 'BLACK/WHITE', '2025-10-19 15:08:37', '2025-10-19 15:08:37'),
	(222, 'GREY/D-GREY', '2025-10-19 15:08:37', '2025-10-19 15:08:37'),
	(223, 'BEIGE', '2025-10-19 15:08:37', '2025-10-19 15:08:37'),
	(224, 'BEIGE/L.GREEN', '2025-10-19 15:08:37', '2025-10-19 15:08:37'),
	(225, 'WHITE/L.GREY', '2025-10-19 15:08:37', '2025-10-19 15:08:37'),
	(226, 'WHITE/PEACH', '2025-10-19 15:08:37', '2025-10-19 15:08:37'),
	(227, 'WHITE/D.GREY', '2025-10-19 15:08:37', '2025-10-19 15:08:37'),
	(228, 'GREY/BLACK', '2025-10-19 15:08:37', '2025-10-19 15:08:37'),
	(229, 'BEIGE/GREEN', '2025-10-19 15:08:37', '2025-10-19 15:08:37'),
	(230, 'ORANGE/WHITE', '2025-10-19 15:08:37', '2025-10-19 15:08:37'),
	(231, 'L.GREEN/WHITE', '2025-10-19 15:08:37', '2025-10-19 15:08:37'),
	(232, 'BEIGE/COFFEE', '2025-10-19 15:08:37', '2025-10-19 15:08:37'),
	(233, 'WHITE/FUSHIA', '2025-10-19 15:08:37', '2025-10-19 15:08:37'),
	(234, 'GREY', '2025-10-19 15:08:37', '2025-10-19 15:08:37'),
	(235, 'WHITE/PINK', '2025-10-19 15:08:37', '2025-10-19 15:08:37'),
	(236, 'BLACK', '2025-10-19 15:08:37', '2025-10-19 15:08:37'),
	(237, 'NAVY', '2025-10-19 15:08:37', '2025-10-19 15:08:37'),
	(238, 'BROWN', '2025-10-19 15:08:37', '2025-10-19 15:08:37'),
	(239, 'WHITE/NAVY', '2025-10-19 15:08:37', '2025-10-19 15:08:37'),
	(240, 'WHITE', '2025-10-19 15:08:37', '2025-10-19 15:08:37'),
	(241, 'D.GREY', '2025-10-19 15:08:37', '2025-10-19 15:08:37'),
	(242, 'GREEN', '2025-10-19 15:08:37', '2025-10-19 15:08:37'),
	(243, 'L.GREY', '2025-10-19 15:08:37', '2025-10-19 15:08:37'),
	(244, 'FUSHIA', '2025-10-19 15:08:37', '2025-10-19 15:08:37'),
	(245, 'WHITE/GREEN', '2025-10-19 15:08:37', '2025-10-19 15:08:37'),
	(246, 'ABU', '2025-10-19 15:08:37', '2025-10-19 15:08:37'),
	(247, 'PUTIH', '2025-10-19 15:08:37', '2025-10-19 15:08:37'),
	(248, 'HITAM', '2025-10-19 15:08:37', '2025-10-19 15:08:37'),
	(249, 'MERAH', '2025-10-19 15:08:37', '2025-10-19 15:08:37'),
	(250, 'PINK', '2025-10-19 15:08:37', '2025-10-19 15:08:37'),
	(251, 'COKLAT', '2025-10-19 15:08:37', '2025-10-19 15:08:37'),
	(252, 'CREAM', '2025-10-19 15:08:37', '2025-10-19 15:08:37'),
	(253, 'ABU TUA', '2025-10-19 15:08:37', '2025-10-19 15:08:37'),
	(254, 'ABU MUDA', '2025-10-19 15:08:37', '2025-10-19 15:08:37'),
	(255, 'BIRU', '2025-10-19 15:08:37', '2025-10-19 15:08:37'),
	(256, 'ABU-MUDA', '2025-10-19 15:08:37', '2025-10-19 15:08:37'),
	(257, 'ABU-TUA', '2025-10-19 15:08:37', '2025-10-19 15:08:37'),
	(258, 'NAVY/NAVY', '2025-10-20 19:15:27', '2025-10-20 19:15:27'),
	(259, 'TSCA/PTH', '2025-10-20 19:15:49', '2025-10-20 19:15:49'),
	(260, 'ARMY', '2025-10-20 19:15:55', '2025-10-20 19:15:55'),
	(261, 'NAVY/PTH', '2025-10-20 19:16:00', '2025-10-20 19:16:00'),
	(262, 'AB.T/AB.T', '2025-10-20 19:16:04', '2025-10-20 19:16:04'),
	(263, 'KHAKI/HTM', '2025-10-20 19:16:14', '2025-10-20 19:16:14'),
	(264, 'MAROON/HTM', '2025-10-20 19:16:19', '2025-10-20 19:16:19'),
	(265, 'BR.T/BR.M', '2025-10-20 19:16:30', '2025-10-20 19:16:30'),
	(266, 'HTM/KUN', '2025-10-20 19:16:35', '2025-10-20 19:16:35'),
	(267, 'HTM/ORANYE', '2025-10-20 19:16:41', '2025-10-20 19:16:41'),
	(268, 'HUN/HTM', '2025-10-20 19:16:47', '2025-10-20 19:16:47'),
	(269, 'MRH/AB.T', '2025-10-20 19:16:54', '2025-10-20 19:16:54'),
	(270, 'ORANYE/BR.T', '2025-10-20 19:16:59', '2025-10-20 19:16:59'),
	(273, 'ORANYE/HTM', '2025-10-20 19:17:21', '2025-10-20 19:17:21'),
	(275, 'KUN/HTM', '2025-10-20 19:17:32', '2025-10-20 19:17:32'),
	(276, 'ARMY/HTM', '2025-10-20 19:17:37', '2025-10-20 19:17:37'),
	(277, 'NAVY/AB.MD', '2025-10-20 19:17:42', '2025-10-20 19:17:42'),
	(283, 'HJ.MD/PTH', '2025-10-20 19:18:28', '2025-10-20 19:18:28'),
	(284, 'BIRU/BR.MD', '2025-10-20 19:18:32', '2025-10-20 19:18:32'),
	(285, 'PINK/AB.T', '2025-10-20 19:18:37', '2025-10-20 19:18:37'),
	(286, 'BR.MD/PTH', '2025-10-20 19:18:42', '2025-10-20 19:18:42'),
	(287, 'HTM/FUSHIA', '2025-10-20 19:18:47', '2025-10-20 19:18:47'),
	(290, 'HTM/MRH.T', '2025-10-20 19:19:20', '2025-10-20 19:19:20'),
	(291, 'BR.T/AB.MD', '2025-10-20 19:19:31', '2025-10-20 19:19:31'),
	(292, 'MRH.T/PTH', '2025-10-20 19:19:39', '2025-10-20 19:19:39'),
	(295, 'BIRU-TUA', '2025-10-20 19:20:03', '2025-10-20 19:20:03'),
	(297, 'HJ-MELON', '2025-10-20 19:20:20', '2025-10-20 19:20:20'),
	(299, 'ABU.T/HTM', '2025-10-20 19:20:36', '2025-10-20 19:20:36'),
	(300, 'BRT', '2025-10-20 19:20:43', '2025-10-20 19:20:43'),
	(301, 'HTM/PINK', '2025-10-20 19:20:50', '2025-10-20 19:20:50'),
	(302, 'BRMD', '2025-10-20 19:20:55', '2025-10-20 19:20:55'),
	(303, 'AVOCADO', '2025-10-20 19:21:00', '2025-10-20 19:21:00'),
	(305, 'OLIVE', '2025-10-20 19:21:23', '2025-10-20 19:21:23'),
	(306, 'HIJAU-MUDA', '2025-10-20 19:21:28', '2025-10-20 19:21:28'),
	(307, 'COKLAT-MUDA', '2025-10-20 19:21:35', '2025-10-20 19:21:35'),
	(308, 'ABMD/HTM', '2025-10-20 19:21:41', '2025-10-20 19:21:41'),
	(309, 'AB.T/HITAM', '2025-10-20 19:21:47', '2025-10-20 19:21:47'),
	(310, 'LIME/CKLT', '2025-10-20 19:21:52', '2025-10-20 19:21:52');

/*!40103 SET TIME_ZONE=IFNULL(@OLD_TIME_ZONE, 'system') */;
/*!40101 SET SQL_MODE=IFNULL(@OLD_SQL_MODE, '') */;
/*!40014 SET FOREIGN_KEY_CHECKS=IFNULL(@OLD_FOREIGN_KEY_CHECKS, 1) */;
/*!40101 SET CHARACTER_SET_CLIENT=@OLD_CHARACTER_SET_CLIENT */;
/*!40111 SET SQL_NOTES=IFNULL(@OLD_SQL_NOTES, 1) */;
